density,actual_density,success,selected_planner,planning_time_ms,path_length,euclidean_distance,smoothness,energy_consumption,safety_clearance,length_optimality,composite_score,start_x,start_y,goal_x,goal_y
0.15,0.1484,True,rrt_star,7.246017456054687,15,57.57102517316463,0.8405166336148537,11.631298119992296,1.5218951416497462,0.6699819512061816,0.820486197827967,40.2369771107281,77.54945922348452,80.89866196757032,36.79347409133487
0.15,0.1484,True,rrt_star,25.501728057861328,8,33.268523588044395,0.865741856583539,5.74686448506023,1.1035533905932735,0.7843025776396377,0.7414162463559281,43.600049074837614,92.52420398004443,62.34607416438936,65.040004790871
0.15,0.1484,True,rrt_star,125.779390335083,12,59.293153598248914,0.8877148104983381,8.726960091452051,1.545266980572088,0.9534081808564364,0.9018921936048938,10.263252879549366,36.82495573016939,68.42995469990674,48.32768857793962
0.15,0.1484,True,rrt_star,1.2753009796142578,8,38.89692664253062,0.8350285212975637,5.969803691378659,1.9133919736706584,0.8925062300660412,0.9971449844211606,15.776799821196375,49.662083704434565,45.6876697238043,24.79622832192917
0.15,0.1484,True,rrt_star,0.9977817535400392,11,40.49729085627704,0.8499420497157901,7.869253874336674,1.6717318565984307,0.6809172882105187,0.8783757910010892,26.9172012698388,77.58428180116023,52.734435059696565,46.38330415401388
0.15,0.1484,True,rrt_star,10.29038429260254,11,41.69348768063491,0.8867729704434228,7.907692768415851,1.5409858745107867,0.7163412197198037,0.855322877853679,43.1948818096079,52.12874650378005,41.38098870872407,10.47473461064038
0.15,0.1484,True,rrt_star,11.977672576904297,10,20.418277336641864,0.8341222592488184,6.61866769608424,1.206449510224598,0.4122974162915316,0.6857390374111514,43.92629549506401,17.374607900974528,24.48858658622552,23.62612945746647
0.15,0.1484,True,rrt_star,125.24151802062988,16,75.76118374978518,0.9004975579737597,13.581686086049157,1.3209726821319658,0.7790627740768166,0.7943735426659855,10.42985730913129,30.737747201751464,64.26081842563522,84.04801439712533
0.15,0.1484,True,rrt_star,64.54992294311523,6,21.14527732136149,0.8915043828794378,3.7705084244292655,1.2761423749153968,0.7607813247402561,0.8102803888358794,60.56077115949551,81.94371328398068,74.26047073647418,65.83654144973818
0.15,0.1484,True,rrt_star,23.420333862304688,12,62.58949549664917,0.8671814934282527,9.988015980405232,1.2208567949894071,0.865006229131808,0.7788057177833467,81.18380360467336,80.71577454280364,23.673284676084062,56.01789691962638
0.15,0.1484,True,rrt_star,31.894683837890625,17,69.07059119606578,0.8728993992479697,13.12315982141189,1.5714574495364038,0.7379768542969088,0.8549588766845915,25.936915996665345,59.13843208332551,94.93696393610152,62.25932178492467
0.15,0.1484,True,rrt_star,13.15593719482422,11,56.13997003762865,0.9309877003780984,8.510392760594826,1.2467978765562604,0.9445581579957424,0.8219849517835404,51.60064908996039,37.5252957179174,16.740488661725497,81.53058461304418
0.15,0.1484,True,rrt_star,1.3539791107177734,6,30.10724307000752,0.9280362597643576,4.302725345312504,1.0690355937288492,0.9661176549030212,0.7930888423509896,58.32732297575704,78.80968462894099,78.06944843054272,56.0787680657221
0.15,0.1484,True,rrt_star,6.716728210449219,17,85.18489158616356,0.8758000238298782,14.073411497243749,1.5067218575723844,0.848517692512272,0.8572555973273586,38.60599271173198,20.0736519890086,93.79682931314385,84.96153460034593
0.15,0.1484,True,rrt_star,140.6409740447998,16,75.91021443694446,0.8809835779906459,12.49524814225717,1.5375703849682212,0.8574598017175488,0.8715340094687235,15.429818404589035,83.17863292839334,20.0684666051858,7.41027806480936
0.15,0.1484,True,rrt_star,106.20856285095216,17,79.96745933411472,0.8823258525768167,14.036037830869128,1.4193523649701152,0.791496499080758,0.8213131930550555,27.81582123737156,24.62480511170733,93.10951993066904,70.79327339149948
0.15,0.1484,True,rrt_star,186.94353103637692,17,93.65409392665109,0.8581460045050597,14.969445123329445,1.3365499618669625,0.8775037605329312,0.8066571376311665,13.768852717065656,41.492881068878006,94.00208161763788,89.80145473246658
0.15,0.1484,True,rrt_star,60.52923202514648,9,39.0894001179025,0.8105692323412454,6.936642908470913,1.2754120738465635,0.7656830771210325,0.7699020099688761,66.4148325836994,5.792503247544279,92.80889085606776,34.62538186713928
0.15,0.1484,True,rrt_star,29.90913391113281,16,58.57864433011967,0.8735055232063519,12.302837097679706,1.3209726821319658,0.6665684742151521,0.7667748639285471,35.41022075810252,68.84299098743145,76.80782688595802,27.397897448658952
0.15,0.1484,True,rrt_star,2.889633178710937,11,54.64878127599113,0.8394035293810757,10.039080910337322,1.4662718367719962,0.7584625064588765,0.8240717475718706,68.63309906421259,25.411686130285982,27.044504769543103,60.86416304720257
0.15,0.1484,True,rrt_star,11.394977569580078,10,45.09808195194008,0.8873418326143016,7.803413182153201,1.6779271744364843,0.7907578011683607,0.9117632471037037,61.94172919428861,48.30162770836829,27.83705341578016,18.79386456395624
0.15,0.1484,True,rrt_star,53.345680236816406,14,66.35572773781202,0.8739999979299391,10.65789957486396,1.584779471222746,0.8609472582887437,0.8875679788671145,58.52285329717528,62.18949276607418,19.8720386890508,8.252519049123524
0.25,0.2553,True,rrt_star,545.586109161377,12,42.51484713374888,0.8439989344166859,7.7866053966572,1.1720412585204985,0.7516131284429503,0.7413871355528645,68.97503835939223,79.39981785804201,28.752465003657377,93.17141251692463
0.25,0.2553,True,rrt_star,721.3423252105713,22,85.02179229796616,0.8182616177163092,15.978642431010508,1.2331359183859982,0.7288982006087674,0.7350102010656311,72.5513727853528,77.88251187321703,18.128309215417023,12.56149444986982
0.25,0.2553,True,rrt_star,5.38182258605957,6,23.58700619532101,0.9215778329002652,3.627553457538264,1.4714045207910316,0.8503121777682489,0.8959024773521249,44.10579884960509,38.7742646822872,30.70320442452087,19.36505748738063
0.25,0.2553,True,rrt_star,458.79602432250977,19,40.08289997177592,0.8004974900017462,13.74850639358142,1.257522222473272,0.4016010975286161,0.6746521277601248,12.116229183653122,31.719836876416014,48.39943230028197,48.75415640332546
0.25,0.2553,True,rrt_star,197.99041748046875,18,75.93071608571476,0.8658503955394821,13.443010771290965,1.340864606339525,0.7858983814265825,0.7932110674130612,59.97031593105239,10.235444915783187,58.45221150289651,86.15098353756099
0.25,0.2553,True,rrt_star,11.566162109375,7,22.11344222674733,0.869888018382488,3.452650465209251,1.1428571428571428,0.8771875902732627,0.7919129994614011,68.66765353532705,67.74300096326327,55.71089968166602,85.66301370576242
0.25,0.2553,True,rrt_star,367.9907321929932,9,41.54162885792186,0.9047523162102517,6.292218739809204,1.0460237291525665,0.9140917153223966,0.7570966594746026,69.65774606570334,61.058863412226415,94.0039798294803,94.71845089764952
0.25,0.2553,True,rrt_star,1.1491775512695312,8,24.71240093497816,0.8956857265592739,4.815342809527759,1.176776695296637,0.6874211464491422,0.7574283965542314,90.8142052287892,39.10251226483667,72.96854644488106,56.19740104889816
0.25,0.2553,True,rrt_star,146.79670333862305,12,48.824092765042224,0.8577825557349128,10.173095578935932,1.1523689270621826,0.6641509581222388,0.7153616864629505,44.710712187971936,28.18148907754399,82.79657495375747,58.730778622723264
0.25,0.2553,True,rrt_star,26.60155296325684,14,35.25047717591603,0.8662850168316378,10.957437703256735,1.231617191937092,0.4475947706282487,0.6964828551447506,18.82998609041798,11.658304149964955,53.250724338391024,19.261521863163917
0.25,0.2553,True,rrt_star,31.76665306091309,14,35.63893482654683,0.8143707734585479,7.989424946329427,1.0469181606780271,0.6082960869181336,0.6671378141801879,74.64053201594652,49.02640802655264,50.21327229671973,23.07563427738876
0.25,0.2553,True,rrt_star,455.2743434906006,14,37.7674095756669,0.7497143380438349,7.930243285509261,1.2658106679813117,0.6452861068738532,0.7242237643183127,36.34735761076841,41.93717416916148,74.05930817346801,39.89119987492476
0.25,0.2553,True,rrt_star,573.397159576416,22,85.607528103222,0.764833997503894,13.720809705576384,1.128564869306645,0.8565617463859785,0.7180730709236498,68.91055544593985,10.85800760907384,50.4573761556612,94.45303761699222
0.25,0.2553,True,rrt_star,21.46768569946289,20,63.97669777820151,0.8512831823413035,13.169309535878035,1.1207106781186549,0.6767304987545993,0.7020238660540077,60.00430279679984,74.06073266634337,6.621554885975456,38.80027203275679
0.25,0.2553,False,rrt_star,47.1339225769043,0,58.10985726683658,0.0,inf,0.0,0.0,0.0,61.4517170360421,37.20829556820781,80.21460961150594,92.2056534481435
0.25,0.2553,True,rrt_star,44.312238693237305,11,58.10619169396136,0.8477713948023328,9.27689241248619,1.390960279976888,0.8397205927419937,0.8215014711329733,41.95702079895705,39.52532873689144,79.46182549653498,83.90684671196661
0.25,0.2553,True,rrt_star,47.76453971862793,23,72.58370231795978,0.853516380281892,16.515250450474174,1.2564997798526811,0.60497005717135,0.725596316238527,83.65146737762367,68.99282278115811,13.549104793013916,50.17653722215082
0.25,0.2553,False,rrt_star,44.43073272705078,0,42.593997437578935,0.0,inf,0.0,0.0,0.0,53.8820434630309,92.48815044837887,12.595983423903917,82.013902782886
0.25,0.2553,True,rrt_star,4.561662673950195,7,31.483726596309417,0.8222658759411716,4.825187622288204,1.177520098159898,0.8352643492664014,0.7687924408703433,54.23394040631081,52.33935896027104,37.59682030922828,79.068206209384
0.25,0.2553,False,rrt_star,46.00095748901367,0,30.03625655205153,0.0,inf,0.0,0.0,0.0,63.97762486542932,42.36522105786597,92.17596715237666,32.01968095940731
0.25,0.2553,True,rrt_star,57.05666542053223,18,73.22743369032383,0.889045077376144,14.824281292268603,1.1932615924788377,0.6945425597901764,0.7349467648598315,33.891874145245296,41.3152150336767,94.26399998803691,82.75750582572758
0.25,0.2553,True,rrt_star,45.72367668151856,20,78.82615989831548,0.886968765010048,15.408567520234495,1.2532247551122988,0.7250803583472532,0.7579616324891747,43.30721800746692,15.696859469051086,22.80188261137025,91.80924154061935
0.25,0.2553,True,rrt_star,18.923044204711918,7,26.82865120590259,0.8465927955459229,4.274076958022169,1.2357545056961263,0.8415661512707625,0.7980894403227436,36.145588812018055,48.33760052386483,10.297663914278584,41.15002068021799
0.35,0.348,True,ppo,10.38194609748311,32,78.372233087891,0.8465591289858356,12.411446690946816,1.0593592167691144,0.8971182299927163,0.7275119861566983,84.37863120504441,29.41045304244497,12.654430915405412,60.99915374371578
0.35,0.348,True,ppo,9.615534559625129,23,56.75559316773383,0.7907248661758532,8.687601561079411,1.0434782608695652,0.8888578751609625,0.7143024509050404,9.83053043196309,77.11296747993205,21.34613697295632,21.53789967237694
0.35,0.348,True,ppo,8.418387251794481,15,42.42161045407647,0.9999999971738024,6.149999996981457,1.0,0.9999999999999998,0.7849650342732468,40.02643572512231,50.63961304510855,75.6222970071699,27.5630514921684
0.35,0.348,True,ppo,9.203404769138828,13,29.419280347526072,0.7505761899450176,4.637905095804975,1.0318625817210074,0.8263201014738482,0.7068095539520539,69.98010305791587,31.948924270994077,40.83681721083055,35.9692409502384
0.35,0.348,False,ppo,10.36751778747949,0,63.51493001610988,0.0,0.0,0.0,0.0,0.0,76.79030174981926,63.003538400151456,14.766614728623836,49.32111963561536
0.35,0.348,False,ppo,10.319789679552136,0,67.82185763807455,0.0,0.0,0.0,0.0,0.0,86.32467102828642,87.52583205695858,40.36868956034585,37.64745857909191
0.35,0.348,True,ppo,7.970058015048558,46,107.04658857164998,0.8112336480814153,17.658318197216477,1.086173696496905,0.8233423013155478,0.706727830869331,17.412878743285585,85.64240415647593,92.74915498629788,9.593619769974104
0.35,0.348,True,ppo,7.985513565589498,30,73.60319701875483,0.8375247539561077,11.6958669316506,1.1575974020452615,0.8711471744436694,0.750581291715697,67.09448689844743,86.62008771849156,52.14409945307488,14.551255851901097
0.35,0.348,False,ppo,11.573707751869158,0,38.64668001471504,0.0,0.0,0.0,0.0,0.0,42.70763734931538,25.99815489365188,22.352423133848937,58.84980828282314
0.35,0.348,True,ppo,11.662539253661786,20,51.10495325475639,0.8338279129873254,7.628946909793203,1.0414213562373096,0.885497442907606,0.7269551228758927,54.97958021211996,34.50801753463354,12.073646940835296,6.7447839821292
0.35,0.348,True,ppo,12.524658554996124,35,83.01243867810888,0.8366449596892457,13.576695873746798,1.1330529785569252,0.8464384157662138,0.7355154797397647,10.575152070539282,12.02268050931183,47.13568936058081,86.55047457535319
0.35,0.348,True,ppo,12.2357293951422,9,22.252719684475977,0.750202793037412,3.140814970815056,1.2491822985688092,0.883563316128356,0.7993926395755668,80.62624598586132,25.86366844766673,58.43463889944056,24.215606471348924
0.35,0.348,True,ppo,12.999753581609488,20,53.4016533904892,0.8429939671088424,7.797570471326051,1.2121320343559645,0.9158552012598968,0.785976078672531,76.20678039451055,53.360180786605696,36.908782632956765,89.51822217121142
0.35,0.348,True,ppo,12.761512639221715,9,22.975528422197968,0.8548564202967607,3.2980289090171317,1.0,0.9492908344970308,0.7617384698499083,45.836375296189885,9.35564919210066,37.65014493626415,30.82331182158729
0.35,0.348,True,ppo,9.226077025110415,12,27.041849726104218,0.685910544558731,4.085105791698997,0.9511844635310912,0.7992034837207179,0.665836857576008,73.50682616457577,58.59867202209697,75.42489354995917,85.57241210600694
0.35,0.348,True,ppo,11.861840398921546,31,71.6827621695718,0.7796435638588357,11.73312648655538,1.085704975790077,0.8256446780807143,0.7053851461132004,7.28665806531269,6.627343965569175,15.44879816664582,77.84390005490563
0.35,0.348,False,ppo,5.616506189225579,0,44.820173137163415,0.0,0.0,0.0,0.0,0.0,48.0487084010384,34.53010341191863,86.64117814308204,57.321970366048376
0.35,0.348,False,ppo,11.055277589181262,0,48.38572392547595,0.0,0.0,0.0,0.0,0.0,86.60374420679021,81.38848554628917,65.66978930856023,37.76569549210708
0.35,0.348,True,ppo,9.222024089472889,22,48.36040814307102,0.7802744087073145,8.307180349468306,1.1395939914484308,0.7801976850205186,0.7198473182031109,36.4903771428561,28.439383359018056,67.69702772120871,65.38358500751784
0.35,0.348,True,ppo,7.950566013382555,18,44.69304851343439,0.8465191389585414,6.905168459521617,1.1245911492844047,0.8837240467039673,0.7573768183708645,50.52641284763039,49.2926150589544,10.87966635261807,69.92278902294288
0.35,0.348,True,ppo,15.962381197078429,21,54.75547063168874,0.8117711231674278,8.135245076860523,1.0115543184342517,0.9034739686321565,0.7144704045965253,74.51136979280597,63.20661351653031,59.50244802565884,10.548339413732515
0.35,0.348,True,ppo,11.42470066225042,32,83.64589127799721,0.8377438068353811,12.734546848448971,1.095970869120796,0.9121590294897112,0.7388612934350679,12.929642269296831,52.07198176074377,88.13939050530188,15.464210755569672
0.35,0.348,True,ppo,13.75800970743992,39,87.03421103229287,0.7454702613668895,14.548413058179309,1.09101990965345,0.8046705132726644,0.6906864522195008,86.06431731127078,7.012914102834618,14.82151408376244,57.00708254576622
0.35,0.348,True,ppo,14.686416242830912,0,79.44050789347047,0.0,0.0,0.0,0.0,0.25,33.85167847356942,23.552164771659893,77.60946306467315,89.85488403754754
0.45,0.4527,False,ppo,12.836135767829289,0,52.65859930991919,0.0,0.0,0.0,0.0,0.0,47.88462201231724,12.690482977447694,94.04814473526751,38.0253848144447
0.45,0.4527,True,ppo,13.62442269904984,37,83.92494079188286,0.7777265449339064,13.570496205024732,1.0065578564086293,0.8237925443284757,0.6783154626349197,93.60060058177662,47.697130895692986,11.00882719924692,62.59661600256506
0.45,0.4527,True,ppo,17.541288288831726,31,68.10667121549345,0.7497571816013089,11.0410578868559,1.0534469112739475,0.8278032622807263,0.6897963165742602,31.698742295870176,90.66567941533803,93.5077266097974,62.06204114787242
0.45,0.4527,True,ppo,11.70881242152971,27,48.96158584568612,0.7453794479192121,9.311176075342694,1.0089866921155293,0.678747571023675,0.6490359207175366,84.13447635243776,39.08491528092699,77.80701918649528,87.63592118541526
0.45,0.4527,False,ppo,12.336746592272002,0,67.82479723625832,0.0,0.0,0.0,0.0,0.0,30.8694006495071,81.61349530164937,17.563116531129786,15.106759378883057
0.45,0.4527,True,ppo,11.98732048519108,11,50.39573336765265,0.8033177559817479,3.819866293763473,1.0376557783975542,0.8487439464663469,0.7337436205555151,63.03510002148197,28.48983514928421,32.60707457924826,68.66277640767748
0.45,0.4527,True,ppo,9.471705780818224,11,25.826667398064984,0.8493945499161903,3.817945782659244,0.9467466874884632,0.8228069789256439,0.7128233739444485,94.08241673100144,19.507175918007697,85.98159740965683,44.03050104355302
0.45,0.4527,True,ppo,12.263987074246623,21,47.3744347806604,0.8148370259108648,7.8150426611148465,1.0115543184342517,0.8129389003974185,0.6981239435570951,71.73993804038498,46.10837577756366,45.389803030573816,6.73824171947631
0.45,0.4527,False,ppo,19.302442369939715,0,102.6421967677781,0.0,0.0,0.0,0.0,0.0,5.722704684967082,31.79036471154503,94.02651357459854,84.11490859774362
0.45,0.4527,True,ppo,11.410096340192174,28,48.79657371148239,0.61900332608134,9.5428965212745,1.0382524218523383,0.676171370836548,0.6251734808020724,77.31953159190856,35.32704455389573,28.537392179287604,36.51383868420963
0.45,0.4527,True,ppo,12.10415456955658,11,27.166126848909524,0.8165118183021842,4.029968529054742,1.0,0.8813776547975091,0.730105585768065,60.16922789997847,29.83466016862415,35.87703247778805,41.9955684217586
0.45,0.4527,True,ppo,6.629408396086037,21,39.89840042640648,0.8370142194105122,7.251220204055967,1.0115543184342517,0.7309760791689726,0.6892136152576156,71.05141799955231,52.8142477916384,74.99462495274571,92.51731411541444
0.45,0.4527,False,ppo,12.74666195137248,0,98.81118933706232,0.0,0.0,0.0,0.0,0.0,6.290454221323072,18.18232723889088,81.40820398508849,82.3771464117268
0.45,0.4527,False,ppo,13.025518938011295,0,65.28258034305975,0.0,0.0,0.0,0.0,0.0,43.4652425278496,38.952565517807216,80.91031469765349,92.428558883487
0.45,0.4527,True,ppo,8.862425062799183,16,44.48317968524823,0.8399431597911383,5.781446506689132,1.0258883476483185,0.8831590566236281,0.7312493967336327,76.7478268071531,84.40818142683649,69.26357417744265,40.55913083865667
0.45,0.4527,True,ppo,8.282316918743716,11,26.502051650216025,0.8402050109455484,3.883876846661472,0.9090909090909092,0.868807362714958,0.7077288399552143,61.85661585605892,56.408847974271765,47.71089282673687,78.81994481598002
0.45,0.4527,True,ppo,11.821157895283468,22,53.06465476206432,0.8395339146872538,8.121190383755073,0.9733733437442316,0.8779244829198124,0.7048890815725729,84.84174417934574,68.04537819925463,34.11273485192436,52.47536863999392
0.45,0.4527,True,ppo,15.758000216550192,31,68.60060298318129,0.8422205952871851,11.715703431832988,0.967741935483871,0.8056037510275861,0.681659208734002,13.2304491404752,22.265414118129137,19.12272286836033,90.61249774260968
0.45,0.4527,True,ppo,10.81233839350342,22,47.351230549342574,0.7690396770038808,8.031142990697848,1.0,0.7953566008452551,0.6790132283174954,23.091456526293516,91.7780834806819,5.792302342116665,47.69999029314632
0.45,0.4527,True,ppo,12.049300732222845,22,48.284187303339294,0.7516859544906588,8.09657818216177,1.018827889198777,0.8101114455819926,0.6830750061851099,64.57255257053154,59.2377977075574,16.310156831424962,57.787314661872834
0.45,0.4527,True,ppo,15.49474022957878,36,77.01181200477163,0.7915736754816206,13.426707415211297,0.9722222222222222,0.7867586933404259,0.6642407955916844,21.16368049642612,39.32741683529886,75.68156375414613,93.72061120146844
0.45,0.4527,True,ppo,14.053680575681849,18,40.688581590695776,0.8330201663099175,6.541028084832567,1.0,0.8094195059140445,0.7032909211361321,84.53311121534885,67.40833247306267,74.34943135272447,28.014762739941435
0.55,0.5358,True,ppo,11.885460822103587,18,56.15890096969172,0.851192953544355,6.695459845410596,1.0460237291525665,0.8227693235252271,0.7236459094451949,55.82086039146796,64.74676693116044,82.4160504944649,15.284478048526871
0.55,0.5358,True,ppo,8.49685544960147,17,43.49716449439257,0.7978347264312411,5.718571183990462,1.0,0.7109757727344059,0.6788641288127077,94.49983996252456,93.24950526317896,56.07677593541688,72.86148255814378
0.55,0.5358,True,ppo,10.559633069798746,20,39.94828085321844,0.7803239888452832,7.143826129534234,0.95,0.7496210408421615,0.6607033067418825,47.70336791467575,58.94223571749245,15.164875638563768,82.1179053631579
0.55,0.5358,True,ppo,9.25087955192562,9,79.32537423403298,0.6794407269490563,2.730825888092519,0.8888888888888888,0.6454840354548032,0.6326329471366996,87.0347155746895,68.44749349903641,18.893864546846544,27.835433485160035
0.55,0.5358,True,ppo,13.043790413832422,25,52.23381254983431,0.7991390469500393,8.953304878727307,1.082842712474619,0.76621528234798,0.7029979174185935,62.643279875730144,17.328067889865117,13.666692802059927,35.48474963809289
0.55,0.5358,True,ppo,17.323478689802894,37,65.93023535945156,0.830529358376583,12.625076353728634,1.0065578564086293,0.7086979815794155,0.6696878138617557,77.79432092285978,93.63633620620138,67.43217678579423,28.52549299682992
0.55,0.5358,True,ppo,12.118735796441214,20,80.43138018787636,0.7619203352780193,6.960804745602179,0.95,0.8182408342128664,0.6705321109487041,84.73674156135036,13.665080069134124,11.11367860829251,46.05105728670145
0.55,0.5358,True,ppo,16.90546327770491,36,68.00531839023087,0.7591819293435924,12.262510905421644,0.9837281545103636,0.6606589504263933,0.6358958446503596,66.4008043304855,24.1247390455695,30.574828122490825,81.9280500069744
0.55,0.5358,True,ppo,13.644216007105008,13,21.312582551443803,0.7495031906023017,3.8736451654571806,1.0,0.8167581645356298,0.7020237378416044,76.20717355202356,6.674300153305626,71.21778294733247,27.39463211024896
0.55,0.5358,True,ppo,7.934577861251981,33,58.103652442434885,0.7085231949681582,11.096482834933337,1.0627596306625902,0.6518662655494802,0.646999105499376,61.84013191317276,61.1265132022868,6.774401745655764,79.66835206118851
0.55,0.5358,False,ppo,12.53430707059492,0,93.23494452340294,0.0,0.0,0.0,0.0,0.0,30.112014838716,86.27180974413284,88.47671047732969,13.56474555299656
0.55,0.5358,False,ppo,11.369186467054735,0,36.31596378047649,0.0,0.0,0.0,0.0,0.0,22.5633351397594,71.53492060110608,56.25187472738409,57.97278486377019
0.55,0.5358,False,ppo,17.438963703956567,0,87.90344560921375,0.0,0.0,0.0,0.0,0.0,35.40803272097476,94.27398738172512,80.71093656516842,18.94363059738657
0.55,0.5358,True,ppo,17.789143449984238,34,72.13689179394626,0.6883681697380667,11.364634049845533,1.0365482555035086,0.6556869935476477,0.6344128744574776,44.80050237790973,87.80717572038638,73.81094183331138,21.76078626346008
0.55,0.5358,True,ppo,6.286125802151875,48,86.23101005061005,0.7005709754488803,16.697668879683402,0.996425565098879,0.6764169234447006,0.6234799523048413,89.6109073410458,90.79781508233808,13.522494368388193,50.22269332465607
0.55,0.5358,True,ppo,9.347578611642726,23,38.64705320426079,0.7241815342762545,7.91163397393138,1.0180092853205691,0.6230748063491239,0.6391163472448282,55.5105009070802,30.67322726487644,89.08037236801032,49.82155490646419
0.55,0.5358,True,ppo,11.14205397294461,36,43.72830947324277,0.6286856271909957,10.909578476721954,0.9837281545103636,0.4794784151383621,0.5691770431817917,71.07914080233573,55.089898865499386,62.27025085913799,12.25803564013499
0.55,0.5358,True,ppo,14.94551279463048,20,55.20330387955656,0.7506834977839493,6.504556871350524,1.0707106781186548,0.7138588352715075,0.6849689378054193,92.9689225145984,79.02783473355947,39.09055019379119,67.0059482227351
0.55,0.5358,True,ppo,12.92458320399652,13,20.28926404874409,0.8202210745857226,4.1087493025432025,0.9549395047979304,0.6162152691354538,0.6637158302144432,47.289938796601305,83.05714829113369,60.537939094221024,67.69014716033632
0.55,0.5358,True,ppo,9.983819129220809,21,38.75920956860761,0.7652822623731965,7.06444549880649,0.9721054077320522,0.7246171826537041,0.6588758959486213,46.72297792974389,60.81038852531333,8.452306937277438,66.94488672562528
0.55,0.5358,True,ppo,12.203543302490573,16,27.502090168707863,0.7834121932239894,5.416107788836914,1.0,0.6652620459564813,0.6678698901763959,92.63995508533122,41.26517487402726,69.53799522218574,56.18711892061023
0.55,0.5358,True,ppo,12.39900483385786,15,32.893175006902325,0.6931900123125565,5.308536952026098,1.0,0.8235490604127368,0.6776361549219734,56.57244947817165,16.351594352465526,27.752770754503626,32.20678530998037
0.55,0.5358,True,ppo,10.552189458223758,4,72.81416768966005,0.9952140855627728,0.9364949579681828,1.1035533905932735,0.781034017771671,0.8651755680059966,9.62892950402589,50.26263614703612,74.62129241465566,17.431312999302172
