threshold,density,success,time_ms,selected,trial
0.25,0.1,True,10.594367980957031,RRT*,0
0.25,0.1,True,19.057273864746094,RRT*,1
0.25,0.1,True,20.669221878051758,RRT*,2
0.25,0.1,True,22.566556930541992,RRT*,3
0.25,0.1,True,12.297391891479492,RRT*,4
0.25,0.1,True,100.95763206481934,RRT*,5
0.25,0.1,True,21.162986755371094,RRT*,6
0.25,0.1,True,17.235517501831055,RRT*,7
0.25,0.1,True,110.47053337097168,RRT*,8
0.25,0.1,True,91.95423126220703,RRT*,9
0.25,0.1,True,6.538152694702148,RRT*,10
0.25,0.1,True,87.1882438659668,RRT*,11
0.25,0.1,True,3.076791763305664,RRT*,12
0.25,0.1,True,42.28806495666504,RRT*,13
0.25,0.1,True,19.616127014160156,RRT*,14
0.25,0.1,True,14.396429061889648,RRT*,15
0.25,0.1,True,16.80588722229004,RRT*,16
0.25,0.1,True,73.55618476867676,RRT*,17
0.25,0.1,False,42.65642166137695,RRT*,18
0.25,0.1,True,33.85186195373535,RRT*,19
0.25,0.1,True,15.276432037353516,RRT*,20
0.25,0.1,True,18.73016357421875,RRT*,21
0.25,0.1,True,6.179571151733398,RRT*,22
0.25,0.1,True,11.947870254516602,RRT*,23
0.25,0.1,True,19.776105880737305,RRT*,24
0.25,0.1,True,11.000871658325195,RRT*,25
0.25,0.1,True,1.8663406372070312,RRT*,26
0.25,0.1,True,62.294960021972656,RRT*,27
0.25,0.1,True,7.0972442626953125,RRT*,28
0.25,0.1,True,3.891468048095703,RRT*,29
0.25,0.1,True,5.464792251586914,RRT*,30
0.25,0.1,False,44.88182067871094,RRT*,31
0.25,0.1,True,26.536941528320312,RRT*,32
0.25,0.1,True,36.12947463989258,RRT*,33
0.25,0.1,True,10.51187515258789,RRT*,34
0.25,0.1,True,129.95386123657227,RRT*,35
0.25,0.1,True,11.406660079956055,RRT*,36
0.25,0.1,True,67.86799430847168,RRT*,37
0.25,0.1,True,79.90074157714844,RRT*,38
0.25,0.1,True,8.915424346923828,RRT*,39
0.25,0.1,True,10.919570922851562,RRT*,40
0.25,0.1,True,22.005558013916016,RRT*,41
0.25,0.1,True,13.948440551757812,RRT*,42
0.25,0.1,True,5.749225616455078,RRT*,43
0.25,0.1,True,72.73197174072266,RRT*,44
0.25,0.1,True,12.875080108642578,RRT*,45
0.25,0.1,True,8.36038589477539,RRT*,46
0.25,0.1,True,9.947538375854492,RRT*,47
0.25,0.1,True,5.557775497436523,RRT*,48
0.25,0.1,True,22.00794219970703,RRT*,49
0.25,0.15000000000000002,True,23.247480392456055,RRT*,0
0.25,0.15000000000000002,True,2.924203872680664,RRT*,1
0.25,0.15000000000000002,True,84.72704887390137,RRT*,2
0.25,0.15000000000000002,True,10.126829147338867,RRT*,3
0.25,0.15000000000000002,True,3.0112266540527344,RRT*,4
0.25,0.15000000000000002,True,3.2167434692382812,RRT*,5
0.25,0.15000000000000002,True,18.40662956237793,RRT*,6
0.25,0.15000000000000002,True,92.88144111633301,RRT*,7
0.25,0.15000000000000002,True,19.358396530151367,RRT*,8
0.25,0.15000000000000002,True,55.420637130737305,RRT*,9
0.25,0.15000000000000002,True,7.74073600769043,RRT*,10
0.25,0.15000000000000002,True,13.272523880004883,RRT*,11
0.25,0.15000000000000002,True,8.346796035766602,RRT*,12
0.25,0.15000000000000002,True,6.014823913574219,RRT*,13
0.25,0.15000000000000002,True,7.2727203369140625,RRT*,14
0.25,0.15000000000000002,True,36.83924674987793,RRT*,15
0.25,0.15000000000000002,True,4.135370254516602,RRT*,16
0.25,0.15000000000000002,True,14.351606369018555,RRT*,17
0.25,0.15000000000000002,True,42.78087615966797,RRT*,18
0.25,0.15000000000000002,True,56.740760803222656,RRT*,19
0.25,0.15000000000000002,True,63.002586364746094,RRT*,20
0.25,0.15000000000000002,True,16.286373138427734,RRT*,21
0.25,0.15000000000000002,True,34.43431854248047,RRT*,22
0.25,0.15000000000000002,True,40.29488563537598,RRT*,23
0.25,0.15000000000000002,False,48.47836494445801,RRT*,24
0.25,0.15000000000000002,False,44.34490203857422,RRT*,25
0.25,0.15000000000000002,False,52.88505554199219,RRT*,26
0.25,0.15000000000000002,False,41.76831245422363,RRT*,27
0.25,0.15000000000000002,True,40.04025459289551,RRT*,28
0.25,0.15000000000000002,True,44.732093811035156,RRT*,29
0.25,0.15000000000000002,True,52.77729034423828,RRT*,30
0.25,0.15000000000000002,True,23.4377384185791,RRT*,31
0.25,0.15000000000000002,True,59.55219268798828,RRT*,32
0.25,0.15000000000000002,True,6.82830810546875,RRT*,33
0.25,0.15000000000000002,True,23.49543571472168,RRT*,34
0.25,0.15000000000000002,True,31.197071075439453,RRT*,35
0.25,0.15000000000000002,True,81.60781860351562,RRT*,36
0.25,0.15000000000000002,True,15.294075012207031,RRT*,37
0.25,0.15000000000000002,True,22.627830505371094,RRT*,38
0.25,0.15000000000000002,True,64.72182273864746,RRT*,39
0.25,0.15000000000000002,True,12.39776611328125,RRT*,40
0.25,0.15000000000000002,True,10.837793350219727,RRT*,41
0.25,0.15000000000000002,True,13.373851776123047,RRT*,42
0.25,0.15000000000000002,True,52.67763137817383,RRT*,43
0.25,0.15000000000000002,True,188.66539001464844,RRT*,44
0.25,0.15000000000000002,True,31.386375427246094,RRT*,45
0.25,0.15000000000000002,True,141.7248249053955,RRT*,46
0.25,0.15000000000000002,True,63.703060150146484,RRT*,47
0.25,0.15000000000000002,True,3.9322376251220703,RRT*,48
0.25,0.15000000000000002,True,45.08519172668457,RRT*,49
0.25,0.20000000000000004,False,50.32467842102051,RRT*,0
0.25,0.20000000000000004,True,49.37458038330078,RRT*,1
0.25,0.20000000000000004,True,11.495351791381836,RRT*,2
0.25,0.20000000000000004,True,61.258554458618164,RRT*,3
0.25,0.20000000000000004,True,13.918161392211914,RRT*,4
0.25,0.20000000000000004,True,84.11145210266113,RRT*,5
0.25,0.20000000000000004,True,7.6274871826171875,RRT*,6
0.25,0.20000000000000004,True,19.272565841674805,RRT*,7
0.25,0.20000000000000004,True,56.38313293457031,RRT*,8
0.25,0.20000000000000004,False,41.260719299316406,RRT*,9
0.25,0.20000000000000004,True,8.724689483642578,RRT*,10
0.25,0.20000000000000004,True,36.086320877075195,RRT*,11
0.25,0.20000000000000004,True,10.999441146850586,RRT*,12
0.25,0.20000000000000004,True,78.84430885314941,RRT*,13
0.25,0.20000000000000004,True,7.917642593383789,RRT*,14
0.25,0.20000000000000004,False,46.57936096191406,RRT*,15
0.25,0.20000000000000004,True,21.097183227539062,RRT*,16
0.25,0.20000000000000004,True,52.065372467041016,RRT*,17
0.25,0.20000000000000004,True,2.8107166290283203,RRT*,18
0.25,0.20000000000000004,True,10.752201080322266,RRT*,19
0.25,0.20000000000000004,True,4.284858703613281,RRT*,20
0.25,0.20000000000000004,True,161.32473945617676,RRT*,21
0.25,0.20000000000000004,False,46.198129653930664,RRT*,22
0.25,0.20000000000000004,True,47.59550094604492,RRT*,23
0.25,0.20000000000000004,True,20.84803581237793,RRT*,24
0.25,0.20000000000000004,False,47.36495018005371,RRT*,25
0.25,0.20000000000000004,True,7.689476013183594,RRT*,26
0.25,0.20000000000000004,True,71.83098793029785,RRT*,27
0.25,0.20000000000000004,True,64.3308162689209,RRT*,28
0.25,0.20000000000000004,True,10.178327560424805,RRT*,29
0.25,0.20000000000000004,False,47.683000564575195,RRT*,30
0.25,0.20000000000000004,True,9.399175643920898,RRT*,31
0.25,0.20000000000000004,True,5.558967590332031,RRT*,32
0.25,0.20000000000000004,True,22.45783805847168,RRT*,33
0.25,0.20000000000000004,False,43.715476989746094,RRT*,34
0.25,0.20000000000000004,False,43.47372055053711,RRT*,35
0.25,0.20000000000000004,True,33.36834907531738,RRT*,36
0.25,0.20000000000000004,True,23.071765899658203,RRT*,37
0.25,0.20000000000000004,True,78.03130149841309,RRT*,38
0.25,0.20000000000000004,True,28.961896896362305,RRT*,39
0.25,0.20000000000000004,True,122.35617637634277,RRT*,40
0.25,0.20000000000000004,True,77.38065719604492,RRT*,41
0.25,0.20000000000000004,True,4.82177734375,RRT*,42
0.25,0.20000000000000004,True,3.41796875,RRT*,43
0.25,0.20000000000000004,True,72.72553443908691,RRT*,44
0.25,0.20000000000000004,True,11.228561401367188,RRT*,45
0.25,0.20000000000000004,True,36.63372993469238,RRT*,46
0.25,0.20000000000000004,True,2.4597644805908203,RRT*,47
0.25,0.20000000000000004,True,16.360998153686523,RRT*,48
0.25,0.20000000000000004,True,13.741493225097656,RRT*,49
0.25,0.25000000000000006,True,10.116846034193706,PPO,0
0.25,0.25000000000000006,True,10.40515446010767,PPO,1
0.25,0.25000000000000006,True,7.03103279785276,PPO,2
0.25,0.25000000000000006,False,8.286550149538124,PPO,3
0.25,0.25000000000000006,False,7.137382004537195,PPO,4
0.25,0.25000000000000006,True,11.407618469017699,PPO,5
0.25,0.25000000000000006,False,8.855116571306793,PPO,6
0.25,0.25000000000000006,True,11.72268818365215,PPO,7
0.25,0.25000000000000006,True,9.380058777157366,PPO,8
0.25,0.25000000000000006,True,10.385716066855194,PPO,9
0.25,0.25000000000000006,True,12.986517092047222,PPO,10
0.25,0.25000000000000006,True,12.585383978657767,PPO,11
0.25,0.25000000000000006,True,9.687284823099686,PPO,12
0.25,0.25000000000000006,True,11.662413310030736,PPO,13
0.25,0.25000000000000006,True,11.734649164809715,PPO,14
0.25,0.25000000000000006,False,10.943013333687828,PPO,15
0.25,0.25000000000000006,True,15.167052777501524,PPO,16
0.25,0.25000000000000006,False,9.902235348667753,PPO,17
0.25,0.25000000000000006,True,9.882608596977937,PPO,18
0.25,0.25000000000000006,True,13.213632076621185,PPO,19
0.25,0.25000000000000006,True,11.5499890276868,PPO,20
0.25,0.25000000000000006,True,6.74454254597501,PPO,21
0.25,0.25000000000000006,False,10.256021528138309,PPO,22
0.25,0.25000000000000006,True,13.155136815245916,PPO,23
0.25,0.25000000000000006,True,11.773108156587389,PPO,24
0.25,0.25000000000000006,True,7.299319487050315,PPO,25
0.25,0.25000000000000006,True,16.945572527946112,PPO,26
0.25,0.25000000000000006,True,10.986603312655395,PPO,27
0.25,0.25000000000000006,True,10.699836036038572,PPO,28
0.25,0.25000000000000006,False,13.385741679994515,PPO,29
0.25,0.25000000000000006,True,15.545382624039693,PPO,30
0.25,0.25000000000000006,True,13.823259740554747,PPO,31
0.25,0.25000000000000006,True,8.185118026994607,PPO,32
0.25,0.25000000000000006,True,8.150275843604827,PPO,33
0.25,0.25000000000000006,True,11.638794360099716,PPO,34
0.25,0.25000000000000006,True,11.884990651850671,PPO,35
0.25,0.25000000000000006,True,5.0,PPO,36
0.25,0.25000000000000006,False,13.763415511731981,PPO,37
0.25,0.25000000000000006,True,8.564220426331964,PPO,38
0.25,0.25000000000000006,True,10.05753477301447,PPO,39
0.25,0.25000000000000006,True,12.40242120112317,PPO,40
0.25,0.25000000000000006,True,12.71084977179219,PPO,41
0.25,0.25000000000000006,True,10.27629660086101,PPO,42
0.25,0.25000000000000006,True,10.578922814281142,PPO,43
0.25,0.25000000000000006,True,8.633500304418565,PPO,44
0.25,0.25000000000000006,True,7.148150408031061,PPO,45
0.25,0.25000000000000006,True,11.349176372461264,PPO,46
0.25,0.25000000000000006,False,10.968109272302476,PPO,47
0.25,0.25000000000000006,False,13.144315030377049,PPO,48
0.25,0.25000000000000006,True,11.11520038127829,PPO,49
0.25,0.30000000000000004,True,11.026429009771856,PPO,0
0.25,0.30000000000000004,False,12.764229928695546,PPO,1
0.25,0.30000000000000004,False,6.711826167201791,PPO,2
0.25,0.30000000000000004,True,12.550130679659402,PPO,3
0.25,0.30000000000000004,False,12.793884628506328,PPO,4
0.25,0.30000000000000004,True,9.183159751214182,PPO,5
0.25,0.30000000000000004,True,13.901160173300365,PPO,6
0.25,0.30000000000000004,True,7.2354855827524664,PPO,7
0.25,0.30000000000000004,True,12.61370432041949,PPO,8
0.25,0.30000000000000004,True,8.588623968153895,PPO,9
0.25,0.30000000000000004,True,8.97870277454529,PPO,10
0.25,0.30000000000000004,True,18.751489116080585,PPO,11
0.25,0.30000000000000004,True,11.314639785207298,PPO,12
0.25,0.30000000000000004,True,13.088894521765228,PPO,13
0.25,0.30000000000000004,True,11.499693673813434,PPO,14
0.25,0.30000000000000004,True,9.080247254319017,PPO,15
0.25,0.30000000000000004,True,8.417522514582187,PPO,16
0.25,0.30000000000000004,True,9.108806690543284,PPO,17
0.25,0.30000000000000004,False,12.059757974174227,PPO,18
0.25,0.30000000000000004,True,12.64516758383869,PPO,19
0.25,0.30000000000000004,True,9.455863866675884,PPO,20
0.25,0.30000000000000004,True,12.151613844119417,PPO,21
0.25,0.30000000000000004,False,14.629598907825425,PPO,22
0.25,0.30000000000000004,True,9.192198092713834,PPO,23
0.25,0.30000000000000004,True,16.164932572695108,PPO,24
0.25,0.30000000000000004,True,12.977988391000682,PPO,25
0.25,0.30000000000000004,True,10.246600786271454,PPO,26
0.25,0.30000000000000004,True,9.723487960003176,PPO,27
0.25,0.30000000000000004,True,11.25430446815286,PPO,28
0.25,0.30000000000000004,True,12.810213165836482,PPO,29
0.25,0.30000000000000004,True,11.824267738380868,PPO,30
0.25,0.30000000000000004,True,10.226678048947223,PPO,31
0.25,0.30000000000000004,False,11.34563447315385,PPO,32
0.25,0.30000000000000004,True,10.484375179609266,PPO,33
0.25,0.30000000000000004,True,10.045192803212204,PPO,34
0.25,0.30000000000000004,True,13.82683561949924,PPO,35
0.25,0.30000000000000004,True,11.023265297829841,PPO,36
0.25,0.30000000000000004,True,10.485497190840526,PPO,37
0.25,0.30000000000000004,True,12.591296367635465,PPO,38
0.25,0.30000000000000004,False,6.368488828387579,PPO,39
0.25,0.30000000000000004,True,13.649558336295456,PPO,40
0.25,0.30000000000000004,True,10.858433885397865,PPO,41
0.25,0.30000000000000004,True,16.343509449318034,PPO,42
0.25,0.30000000000000004,False,8.86187820281019,PPO,43
0.25,0.30000000000000004,True,12.549028685371285,PPO,44
0.25,0.30000000000000004,False,15.170882773441024,PPO,45
0.25,0.30000000000000004,True,12.709775910978031,PPO,46
0.25,0.30000000000000004,True,11.771245879865392,PPO,47
0.25,0.30000000000000004,True,15.331352078466768,PPO,48
0.25,0.30000000000000004,False,7.623373748622117,PPO,49
0.25,0.3500000000000001,True,10.645374847749977,PPO,0
0.25,0.3500000000000001,True,11.477297386474234,PPO,1
0.25,0.3500000000000001,True,5.1406652348327695,PPO,2
0.25,0.3500000000000001,False,15.386540725321264,PPO,3
0.25,0.3500000000000001,True,8.12277784252224,PPO,4
0.25,0.3500000000000001,True,17.405752104415498,PPO,5
0.25,0.3500000000000001,True,10.330462129318388,PPO,6
0.25,0.3500000000000001,True,12.00554393267324,PPO,7
0.25,0.3500000000000001,True,13.454311488340172,PPO,8
0.25,0.3500000000000001,False,12.945832415222991,PPO,9
0.25,0.3500000000000001,True,9.551854499266446,PPO,10
0.25,0.3500000000000001,False,10.824628873880748,PPO,11
0.25,0.3500000000000001,True,10.629698922210393,PPO,12
0.25,0.3500000000000001,False,16.234637125770497,PPO,13
0.25,0.3500000000000001,True,12.80430997739843,PPO,14
0.25,0.3500000000000001,False,10.029124622002074,PPO,15
0.25,0.3500000000000001,True,8.33530942280489,PPO,16
0.25,0.3500000000000001,False,15.950509136550394,PPO,17
0.25,0.3500000000000001,True,12.89764774863246,PPO,18
0.25,0.3500000000000001,True,13.657317562500575,PPO,19
0.25,0.3500000000000001,True,9.043336949299444,PPO,20
0.25,0.3500000000000001,True,9.718547561432413,PPO,21
0.25,0.3500000000000001,False,19.637806006387812,PPO,22
0.25,0.3500000000000001,True,13.018080136205981,PPO,23
0.25,0.3500000000000001,False,12.289004463518776,PPO,24
0.25,0.3500000000000001,False,7.700941150096422,PPO,25
0.25,0.3500000000000001,True,7.011675075838129,PPO,26
0.25,0.3500000000000001,True,13.178891593990642,PPO,27
0.25,0.3500000000000001,True,12.51053801735181,PPO,28
0.25,0.3500000000000001,False,14.292909329479865,PPO,29
0.25,0.3500000000000001,False,15.225416663468259,PPO,30
0.25,0.3500000000000001,True,8.541154925549852,PPO,31
0.25,0.3500000000000001,False,12.758642411598021,PPO,32
0.25,0.3500000000000001,True,8.465637901256768,PPO,33
0.25,0.3500000000000001,True,14.01088473792907,PPO,34
0.25,0.3500000000000001,True,5.962684350437359,PPO,35
0.25,0.3500000000000001,True,10.907009218621898,PPO,36
0.25,0.3500000000000001,False,13.486883919136671,PPO,37
0.25,0.3500000000000001,False,10.810017816044095,PPO,38
0.25,0.3500000000000001,True,9.855671649268865,PPO,39
0.25,0.3500000000000001,True,14.009710835727944,PPO,40
0.25,0.3500000000000001,False,11.830313465415886,PPO,41
0.25,0.3500000000000001,True,8.096797107846855,PPO,42
0.25,0.3500000000000001,True,10.936224198031846,PPO,43
0.25,0.3500000000000001,True,15.995252503803725,PPO,44
0.25,0.3500000000000001,True,14.87556612539715,PPO,45
0.25,0.3500000000000001,True,10.264072105785354,PPO,46
0.25,0.3500000000000001,False,14.243634867141797,PPO,47
0.25,0.3500000000000001,True,15.225459229103448,PPO,48
0.25,0.3500000000000001,False,11.584472854356756,PPO,49
0.25,0.40000000000000013,True,9.327371508527866,PPO,0
0.25,0.40000000000000013,False,12.097458675238771,PPO,1
0.25,0.40000000000000013,True,11.707686222244984,PPO,2
0.25,0.40000000000000013,False,10.331229233971488,PPO,3
0.25,0.40000000000000013,False,10.028956808803564,PPO,4
0.25,0.40000000000000013,True,14.405663990698887,PPO,5
0.25,0.40000000000000013,True,10.122965459341312,PPO,6
0.25,0.40000000000000013,True,9.202498067803784,PPO,7
0.25,0.40000000000000013,True,12.845874516197185,PPO,8
0.25,0.40000000000000013,True,15.51732104045179,PPO,9
0.25,0.40000000000000013,True,13.082678113935415,PPO,10
0.25,0.40000000000000013,True,10.230122302718554,PPO,11
0.25,0.40000000000000013,False,5.907707888438818,PPO,12
0.25,0.40000000000000013,True,7.640161843602134,PPO,13
0.25,0.40000000000000013,True,15.93953228053464,PPO,14
0.25,0.40000000000000013,True,9.777999821232568,PPO,15
0.25,0.40000000000000013,False,14.282495893820348,PPO,16
0.25,0.40000000000000013,False,10.021772730041025,PPO,17
0.25,0.40000000000000013,True,12.490138749225927,PPO,18
0.25,0.40000000000000013,False,7.8867180689538445,PPO,19
0.25,0.40000000000000013,False,12.477460016132873,PPO,20
0.25,0.40000000000000013,True,15.744498476376554,PPO,21
0.25,0.40000000000000013,True,14.5815610269207,PPO,22
0.25,0.40000000000000013,True,9.299422775771237,PPO,23
0.25,0.40000000000000013,False,8.16993450791729,PPO,24
0.25,0.40000000000000013,True,16.14499041881218,PPO,25
0.25,0.40000000000000013,True,13.768037447076518,PPO,26
0.25,0.40000000000000013,True,16.47942281864089,PPO,27
0.25,0.40000000000000013,True,6.392568294091919,PPO,28
0.25,0.40000000000000013,True,9.360813374051643,PPO,29
0.25,0.40000000000000013,True,12.248521373001015,PPO,30
0.25,0.40000000000000013,True,10.514661754717004,PPO,31
0.25,0.40000000000000013,False,16.931377619574707,PPO,32
0.25,0.40000000000000013,True,14.731944424406679,PPO,33
0.25,0.40000000000000013,True,11.792388027596436,PPO,34
0.25,0.40000000000000013,True,5.0,PPO,35
0.25,0.40000000000000013,True,18.71604112304967,PPO,36
0.25,0.40000000000000013,True,5.7453969062193355,PPO,37
0.25,0.40000000000000013,True,12.96244178748095,PPO,38
0.25,0.40000000000000013,True,10.949688635137564,PPO,39
0.25,0.40000000000000013,False,11.909641556495664,PPO,40
0.25,0.40000000000000013,True,9.940705749341047,PPO,41
0.25,0.40000000000000013,True,15.081471404556602,PPO,42
0.25,0.40000000000000013,False,12.278019261213197,PPO,43
0.25,0.40000000000000013,True,18.329263682113265,PPO,44
0.25,0.40000000000000013,False,16.182277491433165,PPO,45
0.25,0.40000000000000013,True,18.634681077690008,PPO,46
0.25,0.40000000000000013,False,13.739712899336784,PPO,47
0.25,0.40000000000000013,True,14.353337517315715,PPO,48
0.25,0.40000000000000013,True,12.324594470667268,PPO,49
0.25,0.45000000000000007,True,7.960297567701717,PPO,0
0.25,0.45000000000000007,True,5.0,PPO,1
0.25,0.45000000000000007,True,12.86184112084727,PPO,2
0.25,0.45000000000000007,False,16.96025139332641,PPO,3
0.25,0.45000000000000007,False,12.284141656061918,PPO,4
0.25,0.45000000000000007,True,11.945400245116835,PPO,5
0.25,0.45000000000000007,True,9.923453600929676,PPO,6
0.25,0.45000000000000007,True,16.658249497701924,PPO,7
0.25,0.45000000000000007,True,10.604233304688828,PPO,8
0.25,0.45000000000000007,True,17.785140698588712,PPO,9
0.25,0.45000000000000007,False,12.796666585997375,PPO,10
0.25,0.45000000000000007,True,9.674623693056907,PPO,11
0.25,0.45000000000000007,False,11.605584049932462,PPO,12
0.25,0.45000000000000007,True,16.006260966607247,PPO,13
0.25,0.45000000000000007,True,6.606244646482647,PPO,14
0.25,0.45000000000000007,False,11.043577154511206,PPO,15
0.25,0.45000000000000007,True,13.265652922106996,PPO,16
0.25,0.45000000000000007,False,10.573537202951432,PPO,17
0.25,0.45000000000000007,False,12.804510154798535,PPO,18
0.25,0.45000000000000007,True,12.795256761283762,PPO,19
0.25,0.45000000000000007,True,16.092591183165624,PPO,20
0.25,0.45000000000000007,True,16.540181637117566,PPO,21
0.25,0.45000000000000007,True,8.395217649106097,PPO,22
0.25,0.45000000000000007,True,20.570565465403583,PPO,23
0.25,0.45000000000000007,True,12.135962738152749,PPO,24
0.25,0.45000000000000007,True,7.095275673655348,PPO,25
0.25,0.45000000000000007,False,14.69324690213404,PPO,26
0.25,0.45000000000000007,True,14.690181895233996,PPO,27
0.25,0.45000000000000007,True,16.0924393036856,PPO,28
0.25,0.45000000000000007,False,10.676500541481177,PPO,29
0.25,0.45000000000000007,True,9.151787430248943,PPO,30
0.25,0.45000000000000007,True,13.834917597768943,PPO,31
0.25,0.45000000000000007,False,9.918167003111638,PPO,32
0.25,0.45000000000000007,True,11.165149487269666,PPO,33
0.25,0.45000000000000007,True,13.728316765146461,PPO,34
0.25,0.45000000000000007,True,17.76821390259654,PPO,35
0.25,0.45000000000000007,True,10.367007046590055,PPO,36
0.25,0.45000000000000007,False,13.38240044764358,PPO,37
0.25,0.45000000000000007,False,14.913835286739648,PPO,38
0.25,0.45000000000000007,True,8.985911784621013,PPO,39
0.25,0.45000000000000007,True,12.189773445241112,PPO,40
0.25,0.45000000000000007,True,14.997013069991771,PPO,41
0.25,0.45000000000000007,True,15.22286502382329,PPO,42
0.25,0.45000000000000007,False,14.578206181039771,PPO,43
0.25,0.45000000000000007,True,11.742992983851236,PPO,44
0.25,0.45000000000000007,True,9.617659196111887,PPO,45
0.25,0.45000000000000007,True,8.740577621634158,PPO,46
0.25,0.45000000000000007,True,8.390926964936497,PPO,47
0.25,0.45000000000000007,False,12.174511195401797,PPO,48
0.25,0.45000000000000007,True,12.744477458460196,PPO,49
0.25,0.5000000000000001,True,10.216775401417078,PPO,0
0.25,0.5000000000000001,True,16.5018241779713,PPO,1
0.25,0.5000000000000001,False,11.317312586486057,PPO,2
0.25,0.5000000000000001,True,11.853175392458212,PPO,3
0.25,0.5000000000000001,True,16.950691220265067,PPO,4
0.25,0.5000000000000001,True,10.733941742938423,PPO,5
0.25,0.5000000000000001,True,14.88041774178366,PPO,6
0.25,0.5000000000000001,False,17.5301817754216,PPO,7
0.25,0.5000000000000001,True,16.116350952712715,PPO,8
0.25,0.5000000000000001,True,8.823605270411083,PPO,9
0.25,0.5000000000000001,False,16.176084893244813,PPO,10
0.25,0.5000000000000001,True,16.492577201824798,PPO,11
0.25,0.5000000000000001,False,13.170583524303348,PPO,12
0.25,0.5000000000000001,True,9.93548945143292,PPO,13
0.25,0.5000000000000001,True,17.75293209709089,PPO,14
0.25,0.5000000000000001,True,11.271759864576296,PPO,15
0.25,0.5000000000000001,False,18.812917992749107,PPO,16
0.25,0.5000000000000001,True,12.468236083501166,PPO,17
0.25,0.5000000000000001,True,11.731893412413786,PPO,18
0.25,0.5000000000000001,True,13.921730550874491,PPO,19
0.25,0.5000000000000001,False,12.871668822979098,PPO,20
0.25,0.5000000000000001,True,13.339354993076144,PPO,21
0.25,0.5000000000000001,True,10.531388605895451,PPO,22
0.25,0.5000000000000001,True,17.214089395706573,PPO,23
0.25,0.5000000000000001,True,19.29958721301748,PPO,24
0.25,0.5000000000000001,True,10.426820018933205,PPO,25
0.25,0.5000000000000001,True,12.238296829862133,PPO,26
0.25,0.5000000000000001,True,17.094508916664747,PPO,27
0.25,0.5000000000000001,True,13.587772870643068,PPO,28
0.25,0.5000000000000001,True,11.43595158711161,PPO,29
0.25,0.5000000000000001,True,8.884289718072058,PPO,30
0.25,0.5000000000000001,True,12.260733575841193,PPO,31
0.25,0.5000000000000001,False,11.164476487850168,PPO,32
0.25,0.5000000000000001,True,12.97403947871405,PPO,33
0.25,0.5000000000000001,True,21.97488366601856,PPO,34
0.25,0.5000000000000001,True,13.180332850970752,PPO,35
0.25,0.5000000000000001,True,8.665971174007698,PPO,36
0.25,0.5000000000000001,False,10.678458182726281,PPO,37
0.25,0.5000000000000001,True,10.120469539736556,PPO,38
0.25,0.5000000000000001,False,7.709665256554403,PPO,39
0.25,0.5000000000000001,True,11.941544362389276,PPO,40
0.25,0.5000000000000001,True,10.43914642065462,PPO,41
0.25,0.5000000000000001,True,18.41618557306176,PPO,42
0.25,0.5000000000000001,True,14.986553930646096,PPO,43
0.25,0.5000000000000001,True,10.102752395864764,PPO,44
0.25,0.5000000000000001,False,13.290825851723069,PPO,45
0.25,0.5000000000000001,True,11.261408822771099,PPO,46
0.25,0.5000000000000001,True,9.517126138916991,PPO,47
0.25,0.5000000000000001,True,16.75168689277623,PPO,48
0.25,0.5000000000000001,True,16.477287043851522,PPO,49
0.25,0.5500000000000002,True,11.400245050248188,PPO,0
0.25,0.5500000000000002,True,9.35786914784997,PPO,1
0.25,0.5500000000000002,False,8.472102647372173,PPO,2
0.25,0.5500000000000002,True,16.992650157655792,PPO,3
0.25,0.5500000000000002,False,13.608366530252537,PPO,4
0.25,0.5500000000000002,True,16.990447981338637,PPO,5
0.25,0.5500000000000002,True,5.996368745832221,PPO,6
0.25,0.5500000000000002,True,12.50820408875492,PPO,7
0.25,0.5500000000000002,True,12.690282492166595,PPO,8
0.25,0.5500000000000002,True,9.923816277217865,PPO,9
0.25,0.5500000000000002,False,17.52390918399836,PPO,10
0.25,0.5500000000000002,True,10.99939408059685,PPO,11
0.25,0.5500000000000002,True,8.31288347414056,PPO,12
0.25,0.5500000000000002,False,8.610463761268266,PPO,13
0.25,0.5500000000000002,True,13.689607104454831,PPO,14
0.25,0.5500000000000002,False,17.047635857454832,PPO,15
0.25,0.5500000000000002,True,12.098006479953948,PPO,16
0.25,0.5500000000000002,True,16.83228031980844,PPO,17
0.25,0.5500000000000002,True,12.598981589483488,PPO,18
0.25,0.5500000000000002,True,13.060458055991582,PPO,19
0.25,0.5500000000000002,True,5.902171906821616,PPO,20
0.25,0.5500000000000002,True,16.539013735657694,PPO,21
0.25,0.5500000000000002,True,11.928113662796711,PPO,22
0.25,0.5500000000000002,True,14.59342554553776,PPO,23
0.25,0.5500000000000002,True,13.564778584014007,PPO,24
0.25,0.5500000000000002,True,13.684238658674802,PPO,25
0.25,0.5500000000000002,True,13.5761825148877,PPO,26
0.25,0.5500000000000002,False,12.801501310700319,PPO,27
0.25,0.5500000000000002,True,10.844702244853567,PPO,28
0.25,0.5500000000000002,False,12.36743124387454,PPO,29
0.25,0.5500000000000002,True,7.457977061980092,PPO,30
0.25,0.5500000000000002,False,8.583871933955372,PPO,31
0.25,0.5500000000000002,True,11.810699140076853,PPO,32
0.25,0.5500000000000002,False,15.578457396317104,PPO,33
0.25,0.5500000000000002,True,15.855504446785242,PPO,34
0.25,0.5500000000000002,True,18.653004842304796,PPO,35
0.25,0.5500000000000002,True,15.221864079553415,PPO,36
0.25,0.5500000000000002,True,11.095542795302238,PPO,37
0.25,0.5500000000000002,True,8.799860521547888,PPO,38
0.25,0.5500000000000002,False,22.486385446038753,PPO,39
0.25,0.5500000000000002,True,12.072593658445273,PPO,40
0.25,0.5500000000000002,True,12.895148170970753,PPO,41
0.25,0.5500000000000002,False,11.382511334047154,PPO,42
0.25,0.5500000000000002,True,20.53428700832573,PPO,43
0.25,0.5500000000000002,True,10.435217888084917,PPO,44
0.25,0.5500000000000002,True,11.004817138846729,PPO,45
0.25,0.5500000000000002,True,10.931101200309127,PPO,46
0.25,0.5500000000000002,False,12.416173931623746,PPO,47
0.25,0.5500000000000002,True,15.796633698470146,PPO,48
0.25,0.5500000000000002,True,12.584801421263156,PPO,49
0.3,0.1,True,7.695436477661133,RRT*,0
0.3,0.1,True,250.8411407470703,RRT*,1
0.3,0.1,True,84.7921371459961,RRT*,2
0.3,0.1,True,25.1162052154541,RRT*,3
0.3,0.1,True,214.1711711883545,RRT*,4
0.3,0.1,True,10.65373420715332,RRT*,5
0.3,0.1,True,143.62049102783203,RRT*,6
0.3,0.1,True,46.54669761657715,RRT*,7
0.3,0.1,True,113.04235458374023,RRT*,8
0.3,0.1,True,31.12483024597168,RRT*,9
0.3,0.1,False,45.64785957336426,RRT*,10
0.3,0.1,True,12.021303176879883,RRT*,11
0.3,0.1,True,31.081438064575195,RRT*,12
0.3,0.1,True,8.532047271728516,RRT*,13
0.3,0.1,True,14.637470245361328,RRT*,14
0.3,0.1,True,10.778427124023438,RRT*,15
0.3,0.1,True,14.539718627929688,RRT*,16
0.3,0.1,True,21.22330665588379,RRT*,17
0.3,0.1,True,9.210824966430664,RRT*,18
0.3,0.1,True,2.495288848876953,RRT*,19
0.3,0.1,True,34.726619720458984,RRT*,20
0.3,0.1,True,7.532596588134766,RRT*,21
0.3,0.1,True,34.25478935241699,RRT*,22
0.3,0.1,True,49.443960189819336,RRT*,23
0.3,0.1,True,10.701417922973633,RRT*,24
0.3,0.1,True,8.341789245605469,RRT*,25
0.3,0.1,True,12.34126091003418,RRT*,26
0.3,0.1,True,4.813194274902344,RRT*,27
0.3,0.1,True,30.990123748779297,RRT*,28
0.3,0.1,True,58.829307556152344,RRT*,29
0.3,0.1,True,8.07499885559082,RRT*,30
0.3,0.1,True,12.84337043762207,RRT*,31
0.3,0.1,True,43.59030723571777,RRT*,32
0.3,0.1,True,11.843204498291016,RRT*,33
0.3,0.1,True,137.7260684967041,RRT*,34
0.3,0.1,True,16.36505126953125,RRT*,35
0.3,0.1,True,13.240814208984375,RRT*,36
0.3,0.1,True,44.75879669189453,RRT*,37
0.3,0.1,True,22.909164428710938,RRT*,38
0.3,0.1,True,128.12519073486328,RRT*,39
0.3,0.1,True,28.919219970703125,RRT*,40
0.3,0.1,True,6.341457366943359,RRT*,41
0.3,0.1,True,4.567861557006836,RRT*,42
0.3,0.1,True,17.894506454467773,RRT*,43
0.3,0.1,True,7.417201995849609,RRT*,44
0.3,0.1,True,9.230852127075195,RRT*,45
0.3,0.1,True,37.409305572509766,RRT*,46
0.3,0.1,True,43.51234436035156,RRT*,47
0.3,0.1,True,4.980802536010742,RRT*,48
0.3,0.1,True,85.50047874450684,RRT*,49
0.3,0.15000000000000002,False,47.605276107788086,RRT*,0
0.3,0.15000000000000002,True,33.66684913635254,RRT*,1
0.3,0.15000000000000002,True,50.53830146789551,RRT*,2
0.3,0.15000000000000002,True,44.49129104614258,RRT*,3
0.3,0.15000000000000002,True,15.504598617553711,RRT*,4
0.3,0.15000000000000002,True,24.770021438598633,RRT*,5
0.3,0.15000000000000002,True,7.052898406982422,RRT*,6
0.3,0.15000000000000002,True,10.982751846313477,RRT*,7
0.3,0.15000000000000002,True,4.1942596435546875,RRT*,8
0.3,0.15000000000000002,True,8.512020111083984,RRT*,9
0.3,0.15000000000000002,True,14.679670333862305,RRT*,10
0.3,0.15000000000000002,True,96.22430801391602,RRT*,11
0.3,0.15000000000000002,True,14.174461364746094,RRT*,12
0.3,0.15000000000000002,True,5.701541900634766,RRT*,13
0.3,0.15000000000000002,True,13.516426086425781,RRT*,14
0.3,0.15000000000000002,True,5.765676498413086,RRT*,15
0.3,0.15000000000000002,True,49.42488670349121,RRT*,16
0.3,0.15000000000000002,True,60.97674369812012,RRT*,17
0.3,0.15000000000000002,True,8.094310760498047,RRT*,18
0.3,0.15000000000000002,False,42.88363456726074,RRT*,19
0.3,0.15000000000000002,True,5.460977554321289,RRT*,20
0.3,0.15000000000000002,False,42.12808609008789,RRT*,21
0.3,0.15000000000000002,True,6.217718124389648,RRT*,22
0.3,0.15000000000000002,True,3.0078887939453125,RRT*,23
0.3,0.15000000000000002,True,28.107404708862305,RRT*,24
0.3,0.15000000000000002,True,23.98085594177246,RRT*,25
0.3,0.15000000000000002,True,31.410694122314453,RRT*,26
0.3,0.15000000000000002,True,42.12617874145508,RRT*,27
0.3,0.15000000000000002,True,3.1347274780273438,RRT*,28
0.3,0.15000000000000002,True,7.783412933349609,RRT*,29
0.3,0.15000000000000002,True,16.236543655395508,RRT*,30
0.3,0.15000000000000002,True,10.72382926940918,RRT*,31
0.3,0.15000000000000002,True,147.26829528808594,RRT*,32
0.3,0.15000000000000002,True,6.98542594909668,RRT*,33
0.3,0.15000000000000002,True,16.651391983032227,RRT*,34
0.3,0.15000000000000002,True,4.227638244628906,RRT*,35
0.3,0.15000000000000002,False,43.70737075805664,RRT*,36
0.3,0.15000000000000002,True,18.152952194213867,RRT*,37
0.3,0.15000000000000002,True,105.68046569824219,RRT*,38
0.3,0.15000000000000002,True,15.28787612915039,RRT*,39
0.3,0.15000000000000002,True,11.631011962890625,RRT*,40
0.3,0.15000000000000002,True,141.83568954467773,RRT*,41
0.3,0.15000000000000002,True,6.3991546630859375,RRT*,42
0.3,0.15000000000000002,True,138.18049430847168,RRT*,43
0.3,0.15000000000000002,True,45.93825340270996,RRT*,44
0.3,0.15000000000000002,True,80.50107955932617,RRT*,45
0.3,0.15000000000000002,True,13.437986373901367,RRT*,46
0.3,0.15000000000000002,True,158.0493450164795,RRT*,47
0.3,0.15000000000000002,True,68.23277473449707,RRT*,48
0.3,0.15000000000000002,True,13.993501663208008,RRT*,49
0.3,0.20000000000000004,True,75.1953125,RRT*,0
0.3,0.20000000000000004,True,1283.8523387908936,RRT*,1
0.3,0.20000000000000004,True,9.015798568725586,RRT*,2
0.3,0.20000000000000004,True,22.529125213623047,RRT*,3
0.3,0.20000000000000004,True,76.4913558959961,RRT*,4
0.3,0.20000000000000004,True,275.5911350250244,RRT*,5
0.3,0.20000000000000004,True,58.264970779418945,RRT*,6
0.3,0.20000000000000004,True,79.31995391845703,RRT*,7
0.3,0.20000000000000004,True,57.244300842285156,RRT*,8
0.3,0.20000000000000004,True,10.947704315185547,RRT*,9
0.3,0.20000000000000004,True,12.15982437133789,RRT*,10
0.3,0.20000000000000004,True,23.227214813232422,RRT*,11
0.3,0.20000000000000004,True,17.137527465820312,RRT*,12
0.3,0.20000000000000004,True,16.97707176208496,RRT*,13
0.3,0.20000000000000004,True,19.81353759765625,RRT*,14
0.3,0.20000000000000004,True,47.16682434082031,RRT*,15
0.3,0.20000000000000004,True,36.004066467285156,RRT*,16
0.3,0.20000000000000004,False,48.810720443725586,RRT*,17
0.3,0.20000000000000004,True,78.91201972961426,RRT*,18
0.3,0.20000000000000004,True,12.70151138305664,RRT*,19
0.3,0.20000000000000004,True,6.267786026000977,RRT*,20
0.3,0.20000000000000004,True,106.89878463745117,RRT*,21
0.3,0.20000000000000004,True,11.95526123046875,RRT*,22
0.3,0.20000000000000004,True,10.805606842041016,RRT*,23
0.3,0.20000000000000004,True,25.183677673339844,RRT*,24
0.3,0.20000000000000004,True,8.54635238647461,RRT*,25
0.3,0.20000000000000004,True,19.05536651611328,RRT*,26
0.3,0.20000000000000004,True,40.68398475646973,RRT*,27
0.3,0.20000000000000004,True,12.346029281616211,RRT*,28
0.3,0.20000000000000004,True,36.14664077758789,RRT*,29
0.3,0.20000000000000004,True,12.6800537109375,RRT*,30
0.3,0.20000000000000004,True,19.724130630493164,RRT*,31
0.3,0.20000000000000004,False,47.78623580932617,RRT*,32
0.3,0.20000000000000004,True,14.690876007080078,RRT*,33
0.3,0.20000000000000004,True,14.910459518432617,RRT*,34
0.3,0.20000000000000004,True,10.27679443359375,RRT*,35
0.3,0.20000000000000004,True,8.501291275024414,RRT*,36
0.3,0.20000000000000004,True,50.852298736572266,RRT*,37
0.3,0.20000000000000004,True,878.281831741333,RRT*,38
0.3,0.20000000000000004,True,8.455276489257812,RRT*,39
0.3,0.20000000000000004,True,17.031431198120117,RRT*,40
0.3,0.20000000000000004,True,45.52292823791504,RRT*,41
0.3,0.20000000000000004,True,81.49147033691406,RRT*,42
0.3,0.20000000000000004,True,20.929813385009766,RRT*,43
0.3,0.20000000000000004,True,58.87627601623535,RRT*,44
0.3,0.20000000000000004,False,40.91787338256836,RRT*,45
0.3,0.20000000000000004,True,100.50010681152344,RRT*,46
0.3,0.20000000000000004,True,20.89524269104004,RRT*,47
0.3,0.20000000000000004,True,94.43449974060059,RRT*,48
0.3,0.20000000000000004,True,4.908084869384766,RRT*,49
0.3,0.25000000000000006,True,474.1184711456299,RRT*,0
0.3,0.25000000000000006,True,58.011531829833984,RRT*,1
0.3,0.25000000000000006,True,191.30373001098633,RRT*,2
0.3,0.25000000000000006,False,43.14684867858887,RRT*,3
0.3,0.25000000000000006,True,10.00833511352539,RRT*,4
0.3,0.25000000000000006,True,180.76109886169434,RRT*,5
0.3,0.25000000000000006,True,37.41145133972168,RRT*,6
0.3,0.25000000000000006,True,201.2472152709961,RRT*,7
0.3,0.25000000000000006,True,46.48756980895996,RRT*,8
0.3,0.25000000000000006,True,7.080793380737305,RRT*,9
0.3,0.25000000000000006,True,144.16933059692383,RRT*,10
0.3,0.25000000000000006,True,16.933202743530273,RRT*,11
0.3,0.25000000000000006,True,284.4114303588867,RRT*,12
0.3,0.25000000000000006,True,71.86555862426758,RRT*,13
0.3,0.25000000000000006,True,13.285636901855469,RRT*,14
0.3,0.25000000000000006,False,53.48324775695801,RRT*,15
0.3,0.25000000000000006,True,15.834808349609375,RRT*,16
0.3,0.25000000000000006,True,34.25192832946777,RRT*,17
0.3,0.25000000000000006,True,6.005764007568359,RRT*,18
0.3,0.25000000000000006,True,27.120351791381836,RRT*,19
0.3,0.25000000000000006,True,41.2750244140625,RRT*,20
0.3,0.25000000000000006,True,6.786823272705078,RRT*,21
0.3,0.25000000000000006,True,42.30952262878418,RRT*,22
0.3,0.25000000000000006,True,200.59490203857422,RRT*,23
0.3,0.25000000000000006,True,15.719890594482422,RRT*,24
0.3,0.25000000000000006,True,14.963865280151367,RRT*,25
0.3,0.25000000000000006,True,19.65928077697754,RRT*,26
0.3,0.25000000000000006,True,64.38279151916504,RRT*,27
0.3,0.25000000000000006,True,30.335187911987305,RRT*,28
0.3,0.25000000000000006,True,17.591476440429688,RRT*,29
0.3,0.25000000000000006,True,67.3210620880127,RRT*,30
0.3,0.25000000000000006,True,143.70346069335938,RRT*,31
0.3,0.25000000000000006,True,6.014347076416016,RRT*,32
0.3,0.25000000000000006,True,14.634132385253906,RRT*,33
0.3,0.25000000000000006,False,41.07809066772461,RRT*,34
0.3,0.25000000000000006,False,45.50814628601074,RRT*,35
0.3,0.25000000000000006,True,120.80049514770508,RRT*,36
0.3,0.25000000000000006,True,9.344816207885742,RRT*,37
0.3,0.25000000000000006,False,44.49033737182617,RRT*,38
0.3,0.25000000000000006,True,89.97845649719238,RRT*,39
0.3,0.25000000000000006,False,44.8000431060791,RRT*,40
0.3,0.25000000000000006,False,42.01483726501465,RRT*,41
0.3,0.25000000000000006,True,40.198564529418945,RRT*,42
0.3,0.25000000000000006,True,34.215450286865234,RRT*,43
0.3,0.25000000000000006,True,41.16535186767578,RRT*,44
0.3,0.25000000000000006,False,45.40848731994629,RRT*,45
0.3,0.25000000000000006,True,106.07194900512695,RRT*,46
0.3,0.25000000000000006,True,9.041309356689453,RRT*,47
0.3,0.25000000000000006,True,100.91209411621094,RRT*,48
0.3,0.25000000000000006,True,32.02176094055176,RRT*,49
0.3,0.30000000000000004,False,16.095694277382837,PPO,0
0.3,0.30000000000000004,False,11.46455968367706,PPO,1
0.3,0.30000000000000004,True,11.929728485350052,PPO,2
0.3,0.30000000000000004,True,12.326729801566964,PPO,3
0.3,0.30000000000000004,True,13.27626587141048,PPO,4
0.3,0.30000000000000004,True,8.100645431238064,PPO,5
0.3,0.30000000000000004,True,12.715034374930411,PPO,6
0.3,0.30000000000000004,True,10.077945741052273,PPO,7
0.3,0.30000000000000004,True,7.821655820464984,PPO,8
0.3,0.30000000000000004,True,10.679738092208547,PPO,9
0.3,0.30000000000000004,True,13.535407068988986,PPO,10
0.3,0.30000000000000004,True,11.349849718614214,PPO,11
0.3,0.30000000000000004,True,9.285755439083495,PPO,12
0.3,0.30000000000000004,True,12.247253967128685,PPO,13
0.3,0.30000000000000004,False,9.112660385125618,PPO,14
0.3,0.30000000000000004,False,12.784487806727656,PPO,15
0.3,0.30000000000000004,False,8.073166888827814,PPO,16
0.3,0.30000000000000004,True,8.48407218343669,PPO,17
0.3,0.30000000000000004,False,17.40168413691678,PPO,18
0.3,0.30000000000000004,True,11.64829354309512,PPO,19
0.3,0.30000000000000004,True,10.122932913966478,PPO,20
0.3,0.30000000000000004,True,9.361258782931476,PPO,21
0.3,0.30000000000000004,True,11.165968344141497,PPO,22
0.3,0.30000000000000004,True,11.650271034533258,PPO,23
0.3,0.30000000000000004,True,13.333316625849232,PPO,24
0.3,0.30000000000000004,False,10.82067400721079,PPO,25
0.3,0.30000000000000004,False,17.550151832452638,PPO,26
0.3,0.30000000000000004,False,9.3850984261222,PPO,27
0.3,0.30000000000000004,True,17.41063995440728,PPO,28
0.3,0.30000000000000004,True,14.039040391773712,PPO,29
0.3,0.30000000000000004,True,11.39114969102784,PPO,30
0.3,0.30000000000000004,True,9.70776928572097,PPO,31
0.3,0.30000000000000004,True,13.877330097249965,PPO,32
0.3,0.30000000000000004,True,6.810433744915379,PPO,33
0.3,0.30000000000000004,True,12.19822616635412,PPO,34
0.3,0.30000000000000004,True,16.576098633559866,PPO,35
0.3,0.30000000000000004,True,14.094492944272577,PPO,36
0.3,0.30000000000000004,True,11.369216985887507,PPO,37
0.3,0.30000000000000004,True,9.6329291114719,PPO,38
0.3,0.30000000000000004,True,14.426770055643393,PPO,39
0.3,0.30000000000000004,True,9.146976947965415,PPO,40
0.3,0.30000000000000004,True,12.982821224811065,PPO,41
0.3,0.30000000000000004,False,15.112269673405661,PPO,42
0.3,0.30000000000000004,True,14.685311192954206,PPO,43
0.3,0.30000000000000004,False,9.665864330812747,PPO,44
0.3,0.30000000000000004,True,5.4823074564791705,PPO,45
0.3,0.30000000000000004,True,13.072176360463304,PPO,46
0.3,0.30000000000000004,True,7.599854573628982,PPO,47
0.3,0.30000000000000004,True,14.12306267170146,PPO,48
0.3,0.30000000000000004,True,10.057205352750701,PPO,49
0.3,0.3500000000000001,True,9.516515995810307,PPO,0
0.3,0.3500000000000001,True,12.901617749578444,PPO,1
0.3,0.3500000000000001,False,8.451868329886603,PPO,2
0.3,0.3500000000000001,True,12.50873038602007,PPO,3
0.3,0.3500000000000001,True,9.389325726572341,PPO,4
0.3,0.3500000000000001,True,16.104064039980567,PPO,5
0.3,0.3500000000000001,False,15.201548074560295,PPO,6
0.3,0.3500000000000001,True,12.811427289223882,PPO,7
0.3,0.3500000000000001,True,21.320984326207647,PPO,8
0.3,0.3500000000000001,False,7.421124073944392,PPO,9
0.3,0.3500000000000001,True,9.824886780243325,PPO,10
0.3,0.3500000000000001,False,13.365202108212678,PPO,11
0.3,0.3500000000000001,True,16.498187242379437,PPO,12
0.3,0.3500000000000001,True,12.15785504864958,PPO,13
0.3,0.3500000000000001,False,12.557000566447849,PPO,14
0.3,0.3500000000000001,True,5.003035627290959,PPO,15
0.3,0.3500000000000001,True,14.802243290654292,PPO,16
0.3,0.3500000000000001,True,8.96370352838015,PPO,17
0.3,0.3500000000000001,True,11.850173277270532,PPO,18
0.3,0.3500000000000001,True,12.20710311843361,PPO,19
0.3,0.3500000000000001,True,10.833121240282678,PPO,20
0.3,0.3500000000000001,True,6.845986430897026,PPO,21
0.3,0.3500000000000001,False,9.852463219035545,PPO,22
0.3,0.3500000000000001,True,8.43893286185602,PPO,23
0.3,0.3500000000000001,True,12.330866278321166,PPO,24
0.3,0.3500000000000001,True,14.235766999960086,PPO,25
0.3,0.3500000000000001,True,10.074517912759754,PPO,26
0.3,0.3500000000000001,True,13.508537354057925,PPO,27
0.3,0.3500000000000001,False,9.444207539237743,PPO,28
0.3,0.3500000000000001,True,12.034715974128014,PPO,29
0.3,0.3500000000000001,True,15.678256979570142,PPO,30
0.3,0.3500000000000001,False,18.707906709185604,PPO,31
0.3,0.3500000000000001,False,7.58101997562055,PPO,32
0.3,0.3500000000000001,True,6.114276772474093,PPO,33
0.3,0.3500000000000001,True,18.734362338361134,PPO,34
0.3,0.3500000000000001,False,15.090061478195283,PPO,35
0.3,0.3500000000000001,True,15.144336749922761,PPO,36
0.3,0.3500000000000001,True,13.011271576964276,PPO,37
0.3,0.3500000000000001,True,10.696731299134205,PPO,38
0.3,0.3500000000000001,True,14.665367784231437,PPO,39
0.3,0.3500000000000001,True,19.678268429878113,PPO,40
0.3,0.3500000000000001,True,10.17747905711529,PPO,41
0.3,0.3500000000000001,True,11.120071288398668,PPO,42
0.3,0.3500000000000001,True,12.894337697630492,PPO,43
0.3,0.3500000000000001,False,9.130442757745081,PPO,44
0.3,0.3500000000000001,False,11.910035957447562,PPO,45
0.3,0.3500000000000001,True,13.128108150500218,PPO,46
0.3,0.3500000000000001,True,13.143659941083445,PPO,47
0.3,0.3500000000000001,True,11.991856003015922,PPO,48
0.3,0.3500000000000001,True,16.47040195390599,PPO,49
0.3,0.40000000000000013,True,11.095444957931226,PPO,0
0.3,0.40000000000000013,True,14.750502423129713,PPO,1
0.3,0.40000000000000013,True,16.760093697679938,PPO,2
0.3,0.40000000000000013,True,7.563698930637814,PPO,3
0.3,0.40000000000000013,False,11.117489050735838,PPO,4
0.3,0.40000000000000013,True,5.752638024029316,PPO,5
0.3,0.40000000000000013,True,11.851313526561215,PPO,6
0.3,0.40000000000000013,True,10.394391314615314,PPO,7
0.3,0.40000000000000013,False,19.895483721518865,PPO,8
0.3,0.40000000000000013,True,9.941147406415954,PPO,9
0.3,0.40000000000000013,True,10.34103855019593,PPO,10
0.3,0.40000000000000013,False,11.407961416993937,PPO,11
0.3,0.40000000000000013,False,16.155866905498918,PPO,12
0.3,0.40000000000000013,True,11.509603037255719,PPO,13
0.3,0.40000000000000013,True,10.863612830825303,PPO,14
0.3,0.40000000000000013,True,7.9237736399522865,PPO,15
0.3,0.40000000000000013,False,13.77001559169069,PPO,16
0.3,0.40000000000000013,True,9.755969038748294,PPO,17
0.3,0.40000000000000013,True,11.991097078417152,PPO,18
0.3,0.40000000000000013,True,17.12527601658316,PPO,19
0.3,0.40000000000000013,False,15.521261779895017,PPO,20
0.3,0.40000000000000013,False,5.745802224073917,PPO,21
0.3,0.40000000000000013,True,15.195364409262357,PPO,22
0.3,0.40000000000000013,True,10.149201588663574,PPO,23
0.3,0.40000000000000013,True,11.799231477982014,PPO,24
0.3,0.40000000000000013,True,12.582540194669397,PPO,25
0.3,0.40000000000000013,True,9.223511679450294,PPO,26
0.3,0.40000000000000013,True,9.939340752628377,PPO,27
0.3,0.40000000000000013,True,10.49853311597129,PPO,28
0.3,0.40000000000000013,True,8.624741370411991,PPO,29
0.3,0.40000000000000013,True,14.681306257178225,PPO,30
0.3,0.40000000000000013,False,11.808125315808843,PPO,31
0.3,0.40000000000000013,False,16.492987065546096,PPO,32
0.3,0.40000000000000013,True,14.921956325610386,PPO,33
0.3,0.40000000000000013,True,11.767440741596408,PPO,34
0.3,0.40000000000000013,True,10.32035969952789,PPO,35
0.3,0.40000000000000013,True,12.881512468518718,PPO,36
0.3,0.40000000000000013,True,18.23768626622123,PPO,37
0.3,0.40000000000000013,False,8.020993429306909,PPO,38
0.3,0.40000000000000013,True,12.287775941870331,PPO,39
0.3,0.40000000000000013,True,15.835263278563522,PPO,40
0.3,0.40000000000000013,True,15.899642938911045,PPO,41
0.3,0.40000000000000013,False,11.563828066183934,PPO,42
0.3,0.40000000000000013,True,17.143364511872537,PPO,43
0.3,0.40000000000000013,False,14.268651712218935,PPO,44
0.3,0.40000000000000013,False,11.514677016235,PPO,45
0.3,0.40000000000000013,True,8.918435325260152,PPO,46
0.3,0.40000000000000013,True,10.770703254233531,PPO,47
0.3,0.40000000000000013,False,13.119263792029374,PPO,48
0.3,0.40000000000000013,True,13.415740478273776,PPO,49
0.3,0.45000000000000007,False,12.736819745167237,PPO,0
0.3,0.45000000000000007,True,15.431578544452902,PPO,1
0.3,0.45000000000000007,True,12.931650064028595,PPO,2
0.3,0.45000000000000007,True,17.252604113027832,PPO,3
0.3,0.45000000000000007,False,10.165150750899553,PPO,4
0.3,0.45000000000000007,True,12.060682795217877,PPO,5
0.3,0.45000000000000007,True,13.999498707687023,PPO,6
0.3,0.45000000000000007,True,18.226189054719143,PPO,7
0.3,0.45000000000000007,False,11.719098053971283,PPO,8
0.3,0.45000000000000007,True,10.585522245560776,PPO,9
0.3,0.45000000000000007,False,14.324492349372568,PPO,10
0.3,0.45000000000000007,True,8.147478446586549,PPO,11
0.3,0.45000000000000007,False,12.774270256596795,PPO,12
0.3,0.45000000000000007,False,10.23196944948099,PPO,13
0.3,0.45000000000000007,False,14.298119406697129,PPO,14
0.3,0.45000000000000007,False,11.873615118924135,PPO,15
0.3,0.45000000000000007,True,10.90175131312249,PPO,16
0.3,0.45000000000000007,False,5.7958324273037,PPO,17
0.3,0.45000000000000007,True,10.146654608190351,PPO,18
0.3,0.45000000000000007,True,18.861104537930647,PPO,19
0.3,0.45000000000000007,True,8.26039993000585,PPO,20
0.3,0.45000000000000007,True,15.941808407403503,PPO,21
0.3,0.45000000000000007,True,9.979833368841792,PPO,22
0.3,0.45000000000000007,True,12.789367077650565,PPO,23
0.3,0.45000000000000007,False,14.568524639570153,PPO,24
0.3,0.45000000000000007,True,10.274868649469541,PPO,25
0.3,0.45000000000000007,True,11.313122161673022,PPO,26
0.3,0.45000000000000007,True,18.550441744234504,PPO,27
0.3,0.45000000000000007,True,15.648099542479208,PPO,28
0.3,0.45000000000000007,True,14.774627821505776,PPO,29
0.3,0.45000000000000007,True,13.404307769750273,PPO,30
0.3,0.45000000000000007,True,11.330308009453226,PPO,31
0.3,0.45000000000000007,True,9.447309664870607,PPO,32
0.3,0.45000000000000007,True,10.70418532019665,PPO,33
0.3,0.45000000000000007,True,17.19595750612629,PPO,34
0.3,0.45000000000000007,True,15.397062753988262,PPO,35
0.3,0.45000000000000007,False,9.786510586906994,PPO,36
0.3,0.45000000000000007,True,8.270757382544776,PPO,37
0.3,0.45000000000000007,True,14.166830566280707,PPO,38
0.3,0.45000000000000007,True,16.23982684163136,PPO,39
0.3,0.45000000000000007,True,10.170764734143972,PPO,40
0.3,0.45000000000000007,True,13.362680261816832,PPO,41
0.3,0.45000000000000007,True,14.169932770685213,PPO,42
0.3,0.45000000000000007,False,10.447865139495947,PPO,43
0.3,0.45000000000000007,True,11.640637954714622,PPO,44
0.3,0.45000000000000007,False,14.188761435549067,PPO,45
0.3,0.45000000000000007,True,7.588783587084656,PPO,46
0.3,0.45000000000000007,True,13.351888695754162,PPO,47
0.3,0.45000000000000007,False,10.990031396425783,PPO,48
0.3,0.45000000000000007,True,10.82526382674796,PPO,49
0.3,0.5000000000000001,False,13.000891773949288,PPO,0
0.3,0.5000000000000001,True,13.446498089926758,PPO,1
0.3,0.5000000000000001,True,11.7481570325385,PPO,2
0.3,0.5000000000000001,True,16.43569921486304,PPO,3
0.3,0.5000000000000001,True,11.267568573244242,PPO,4
0.3,0.5000000000000001,True,13.78521965639306,PPO,5
0.3,0.5000000000000001,True,17.984353857829145,PPO,6
0.3,0.5000000000000001,False,11.4568286078589,PPO,7
0.3,0.5000000000000001,True,18.71204774092127,PPO,8
0.3,0.5000000000000001,True,10.096725214343563,PPO,9
0.3,0.5000000000000001,True,17.74035597440275,PPO,10
0.3,0.5000000000000001,True,10.614987009872605,PPO,11
0.3,0.5000000000000001,True,10.864952034213832,PPO,12
0.3,0.5000000000000001,False,14.425689788858548,PPO,13
0.3,0.5000000000000001,True,13.358904787980665,PPO,14
0.3,0.5000000000000001,False,8.724551409108376,PPO,15
0.3,0.5000000000000001,True,11.754621089976649,PPO,16
0.3,0.5000000000000001,True,16.95567033889291,PPO,17
0.3,0.5000000000000001,True,6.84380821303347,PPO,18
0.3,0.5000000000000001,True,11.052627754996422,PPO,19
0.3,0.5000000000000001,False,11.711912280001279,PPO,20
0.3,0.5000000000000001,True,17.296119037227438,PPO,21
0.3,0.5000000000000001,True,12.78252504273591,PPO,22
0.3,0.5000000000000001,True,16.48838574231506,PPO,23
0.3,0.5000000000000001,True,11.10669226086774,PPO,24
0.3,0.5000000000000001,True,11.827064506259935,PPO,25
0.3,0.5000000000000001,True,16.159803539026505,PPO,26
0.3,0.5000000000000001,True,11.675335081093454,PPO,27
0.3,0.5000000000000001,False,11.618989068387991,PPO,28
0.3,0.5000000000000001,True,12.065844612288542,PPO,29
0.3,0.5000000000000001,False,20.540015276040712,PPO,30
0.3,0.5000000000000001,True,17.37196382465565,PPO,31
0.3,0.5000000000000001,True,8.973149626816687,PPO,32
0.3,0.5000000000000001,True,19.622202574672198,PPO,33
0.3,0.5000000000000001,True,8.898975726655229,PPO,34
0.3,0.5000000000000001,True,8.112715418491357,PPO,35
0.3,0.5000000000000001,True,13.239330381130591,PPO,36
0.3,0.5000000000000001,True,9.47311287008276,PPO,37
0.3,0.5000000000000001,False,7.045451179024522,PPO,38
0.3,0.5000000000000001,False,12.069748209379792,PPO,39
0.3,0.5000000000000001,False,11.62877178534393,PPO,40
0.3,0.5000000000000001,True,13.004842612534606,PPO,41
0.3,0.5000000000000001,True,15.501194183093768,PPO,42
0.3,0.5000000000000001,False,11.659999083214931,PPO,43
0.3,0.5000000000000001,False,12.41737874260894,PPO,44
0.3,0.5000000000000001,True,14.280268425254704,PPO,45
0.3,0.5000000000000001,True,10.87492095699596,PPO,46
0.3,0.5000000000000001,True,12.38531987570267,PPO,47
0.3,0.5000000000000001,True,8.36328866877466,PPO,48
0.3,0.5000000000000001,True,11.890176779392974,PPO,49
0.3,0.5500000000000002,True,10.260599924618429,PPO,0
0.3,0.5500000000000002,True,13.297250721094272,PPO,1
0.3,0.5500000000000002,True,14.860902274453546,PPO,2
0.3,0.5500000000000002,True,7.420706046743194,PPO,3
0.3,0.5500000000000002,False,9.918987174672418,PPO,4
0.3,0.5500000000000002,False,10.033156171451306,PPO,5
0.3,0.5500000000000002,True,14.835406284030253,PPO,6
0.3,0.5500000000000002,True,14.153819227660387,PPO,7
0.3,0.5500000000000002,True,10.520063403822167,PPO,8
0.3,0.5500000000000002,True,9.61225213008942,PPO,9
0.3,0.5500000000000002,True,14.704538960837903,PPO,10
0.3,0.5500000000000002,True,11.461020052932419,PPO,11
0.3,0.5500000000000002,True,13.145828795752735,PPO,12
0.3,0.5500000000000002,True,13.40319380093693,PPO,13
0.3,0.5500000000000002,True,8.76783173731362,PPO,14
0.3,0.5500000000000002,True,11.02775760023477,PPO,15
0.3,0.5500000000000002,True,9.268995882717695,PPO,16
0.3,0.5500000000000002,True,10.320680605117351,PPO,17
0.3,0.5500000000000002,True,12.763543068404278,PPO,18
0.3,0.5500000000000002,True,7.56608126244864,PPO,19
0.3,0.5500000000000002,True,9.476492845115526,PPO,20
0.3,0.5500000000000002,False,11.160951659021022,PPO,21
0.3,0.5500000000000002,True,16.227165787196984,PPO,22
0.3,0.5500000000000002,False,17.2197612639393,PPO,23
0.3,0.5500000000000002,True,9.016508142021234,PPO,24
0.3,0.5500000000000002,True,17.18673201574179,PPO,25
0.3,0.5500000000000002,True,13.091676288021258,PPO,26
0.3,0.5500000000000002,False,9.643132082252164,PPO,27
0.3,0.5500000000000002,True,20.1270439704265,PPO,28
0.3,0.5500000000000002,False,13.013099397442746,PPO,29
0.3,0.5500000000000002,True,10.061988553725941,PPO,30
0.3,0.5500000000000002,False,14.849982278310712,PPO,31
0.3,0.5500000000000002,False,11.316233824266622,PPO,32
0.3,0.5500000000000002,False,14.009437460283568,PPO,33
0.3,0.5500000000000002,True,11.810889642605014,PPO,34
0.3,0.5500000000000002,True,13.682341792062319,PPO,35
0.3,0.5500000000000002,True,12.225059815377255,PPO,36
0.3,0.5500000000000002,True,14.24134833629846,PPO,37
0.3,0.5500000000000002,False,12.720397935158234,PPO,38
0.3,0.5500000000000002,False,8.7686313388489,PPO,39
0.3,0.5500000000000002,False,15.967465548879233,PPO,40
0.3,0.5500000000000002,True,13.869803124169165,PPO,41
0.3,0.5500000000000002,False,11.935880936949458,PPO,42
0.3,0.5500000000000002,True,6.675253731760334,PPO,43
0.3,0.5500000000000002,False,14.462339121504753,PPO,44
0.3,0.5500000000000002,False,13.46124602614756,PPO,45
0.3,0.5500000000000002,True,8.014613354375639,PPO,46
0.3,0.5500000000000002,True,12.331563932046718,PPO,47
0.3,0.5500000000000002,False,9.050568101642227,PPO,48
0.3,0.5500000000000002,True,7.74526342144019,PPO,49
0.35,0.1,True,7.500886917114258,RRT*,0
0.35,0.1,True,21.395206451416016,RRT*,1
0.35,0.1,True,2.8808116912841797,RRT*,2
0.35,0.1,True,32.65500068664551,RRT*,3
0.35,0.1,True,6.119489669799805,RRT*,4
0.35,0.1,True,5.296468734741211,RRT*,5
0.35,0.1,True,4.136562347412109,RRT*,6
0.35,0.1,True,6.248712539672852,RRT*,7
0.35,0.1,True,29.5560359954834,RRT*,8
0.35,0.1,True,3.27301025390625,RRT*,9
0.35,0.1,True,11.604547500610352,RRT*,10
0.35,0.1,True,30.64274787902832,RRT*,11
0.35,0.1,True,19.655704498291016,RRT*,12
0.35,0.1,True,76.55024528503418,RRT*,13
0.35,0.1,False,49.09801483154297,RRT*,14
0.35,0.1,True,4.405498504638672,RRT*,15
0.35,0.1,True,68.2520866394043,RRT*,16
0.35,0.1,True,24.8720645904541,RRT*,17
0.35,0.1,True,6.409168243408203,RRT*,18
0.35,0.1,True,8.553743362426758,RRT*,19
0.35,0.1,True,7.96961784362793,RRT*,20
0.35,0.1,True,5.770206451416016,RRT*,21
0.35,0.1,True,86.45081520080566,RRT*,22
0.35,0.1,True,195.00422477722168,RRT*,23
0.35,0.1,True,35.651445388793945,RRT*,24
0.35,0.1,True,12.601375579833984,RRT*,25
0.35,0.1,True,31.006574630737305,RRT*,26
0.35,0.1,False,47.30224609375,RRT*,27
0.35,0.1,True,3.6907196044921875,RRT*,28
0.35,0.1,True,58.76469612121582,RRT*,29
0.35,0.1,True,10.945796966552734,RRT*,30
0.35,0.1,True,16.233205795288086,RRT*,31
0.35,0.1,True,99.94292259216309,RRT*,32
0.35,0.1,True,11.886358261108398,RRT*,33
0.35,0.1,True,13.545036315917969,RRT*,34
0.35,0.1,True,22.3236083984375,RRT*,35
0.35,0.1,True,69.74172592163086,RRT*,36
0.35,0.1,True,3.3316612243652344,RRT*,37
0.35,0.1,True,5.523204803466797,RRT*,38
0.35,0.1,True,13.333320617675781,RRT*,39
0.35,0.1,True,12.804031372070312,RRT*,40
0.35,0.1,True,11.83319091796875,RRT*,41
0.35,0.1,True,3.8285255432128906,RRT*,42
0.35,0.1,True,320.26076316833496,RRT*,43
0.35,0.1,True,5.376577377319336,RRT*,44
0.35,0.1,False,46.295881271362305,RRT*,45
0.35,0.1,True,44.84915733337402,RRT*,46
0.35,0.1,True,5.832433700561523,RRT*,47
0.35,0.1,True,6.768703460693359,RRT*,48
0.35,0.1,True,29.556989669799805,RRT*,49
0.35,0.15000000000000002,True,8.537530899047852,RRT*,0
0.35,0.15000000000000002,True,68.79067420959473,RRT*,1
0.35,0.15000000000000002,True,18.884897232055664,RRT*,2
0.35,0.15000000000000002,True,8.701086044311523,RRT*,3
0.35,0.15000000000000002,True,10.728836059570312,RRT*,4
0.35,0.15000000000000002,True,20.064830780029297,RRT*,5
0.35,0.15000000000000002,True,9.143352508544922,RRT*,6
0.35,0.15000000000000002,True,92.42463111877441,RRT*,7
0.35,0.15000000000000002,True,56.008100509643555,RRT*,8
0.35,0.15000000000000002,True,13.020515441894531,RRT*,9
0.35,0.15000000000000002,True,6.197452545166016,RRT*,10
0.35,0.15000000000000002,True,121.34361267089844,RRT*,11
0.35,0.15000000000000002,True,18.880128860473633,RRT*,12
0.35,0.15000000000000002,True,6.041288375854492,RRT*,13
0.35,0.15000000000000002,False,48.079729080200195,RRT*,14
0.35,0.15000000000000002,True,5.676984786987305,RRT*,15
0.35,0.15000000000000002,True,61.283111572265625,RRT*,16
0.35,0.15000000000000002,True,58.562278747558594,RRT*,17
0.35,0.15000000000000002,True,18.44191551208496,RRT*,18
0.35,0.15000000000000002,True,35.45022010803223,RRT*,19
0.35,0.15000000000000002,True,30.682086944580078,RRT*,20
0.35,0.15000000000000002,True,5.161046981811523,RRT*,21
0.35,0.15000000000000002,False,43.421030044555664,RRT*,22
0.35,0.15000000000000002,True,36.29255294799805,RRT*,23
0.35,0.15000000000000002,True,39.357662200927734,RRT*,24
0.35,0.15000000000000002,True,14.894962310791016,RRT*,25
0.35,0.15000000000000002,True,6.766557693481445,RRT*,26
0.35,0.15000000000000002,True,32.6385498046875,RRT*,27
0.35,0.15000000000000002,True,4.220008850097656,RRT*,28
0.35,0.15000000000000002,True,14.014959335327148,RRT*,29
0.35,0.15000000000000002,True,16.83354377746582,RRT*,30
0.35,0.15000000000000002,True,11.09766960144043,RRT*,31
0.35,0.15000000000000002,True,4.799365997314453,RRT*,32
0.35,0.15000000000000002,True,40.08960723876953,RRT*,33
0.35,0.15000000000000002,True,25.96759796142578,RRT*,34
0.35,0.15000000000000002,True,10.178804397583008,RRT*,35
0.35,0.15000000000000002,True,80.64484596252441,RRT*,36
0.35,0.15000000000000002,True,30.91597557067871,RRT*,37
0.35,0.15000000000000002,True,31.01944923400879,RRT*,38
0.35,0.15000000000000002,True,82.22031593322754,RRT*,39
0.35,0.15000000000000002,True,7.735490798950195,RRT*,40
0.35,0.15000000000000002,True,115.3254508972168,RRT*,41
0.35,0.15000000000000002,True,10.105133056640625,RRT*,42
0.35,0.15000000000000002,True,7.256507873535156,RRT*,43
0.35,0.15000000000000002,False,40.872812271118164,RRT*,44
0.35,0.15000000000000002,True,24.04928207397461,RRT*,45
0.35,0.15000000000000002,True,6.356477737426758,RRT*,46
0.35,0.15000000000000002,True,119.35234069824219,RRT*,47
0.35,0.15000000000000002,True,6.197214126586914,RRT*,48
0.35,0.15000000000000002,True,15.56396484375,RRT*,49
0.35,0.20000000000000004,True,88.25373649597168,RRT*,0
0.35,0.20000000000000004,True,7.047891616821289,RRT*,1
0.35,0.20000000000000004,True,4.794836044311523,RRT*,2
0.35,0.20000000000000004,True,13.268232345581055,RRT*,3
0.35,0.20000000000000004,True,24.674415588378906,RRT*,4
0.35,0.20000000000000004,True,12.695074081420898,RRT*,5
0.35,0.20000000000000004,True,87.00728416442871,RRT*,6
0.35,0.20000000000000004,True,88.01960945129395,RRT*,7
0.35,0.20000000000000004,True,69.40388679504395,RRT*,8
0.35,0.20000000000000004,True,8.809328079223633,RRT*,9
0.35,0.20000000000000004,True,7.395029067993164,RRT*,10
0.35,0.20000000000000004,True,36.34357452392578,RRT*,11
0.35,0.20000000000000004,True,33.02597999572754,RRT*,12
0.35,0.20000000000000004,True,451.47228240966797,RRT*,13
0.35,0.20000000000000004,True,13.213396072387695,RRT*,14
0.35,0.20000000000000004,True,6.735086441040039,RRT*,15
0.35,0.20000000000000004,True,86.3652229309082,RRT*,16
0.35,0.20000000000000004,True,227.24533081054688,RRT*,17
0.35,0.20000000000000004,True,4.364728927612305,RRT*,18
0.35,0.20000000000000004,True,5.499839782714844,RRT*,19
0.35,0.20000000000000004,True,13.279914855957031,RRT*,20
0.35,0.20000000000000004,True,39.60394859313965,RRT*,21
0.35,0.20000000000000004,True,8.35728645324707,RRT*,22
0.35,0.20000000000000004,True,31.72445297241211,RRT*,23
0.35,0.20000000000000004,True,7.732629776000977,RRT*,24
0.35,0.20000000000000004,False,40.845632553100586,RRT*,25
0.35,0.20000000000000004,True,14.796018600463867,RRT*,26
0.35,0.20000000000000004,True,18.647432327270508,RRT*,27
0.35,0.20000000000000004,True,4.214763641357422,RRT*,28
0.35,0.20000000000000004,True,4.523038864135742,RRT*,29
0.35,0.20000000000000004,True,56.9002628326416,RRT*,30
0.35,0.20000000000000004,True,15.336751937866211,RRT*,31
0.35,0.20000000000000004,True,11.90042495727539,RRT*,32
0.35,0.20000000000000004,False,47.86324501037598,RRT*,33
0.35,0.20000000000000004,True,23.413658142089844,RRT*,34
0.35,0.20000000000000004,True,5.872249603271484,RRT*,35
0.35,0.20000000000000004,False,44.933319091796875,RRT*,36
0.35,0.20000000000000004,True,12.75181770324707,RRT*,37
0.35,0.20000000000000004,True,6.034612655639648,RRT*,38
0.35,0.20000000000000004,True,15.798807144165039,RRT*,39
0.35,0.20000000000000004,True,60.58788299560547,RRT*,40
0.35,0.20000000000000004,True,22.70674705505371,RRT*,41
0.35,0.20000000000000004,True,28.67269515991211,RRT*,42
0.35,0.20000000000000004,True,33.022403717041016,RRT*,43
0.35,0.20000000000000004,True,126.67512893676758,RRT*,44
0.35,0.20000000000000004,True,279.8652648925781,RRT*,45
0.35,0.20000000000000004,True,28.627395629882812,RRT*,46
0.35,0.20000000000000004,True,8.05044174194336,RRT*,47
0.35,0.20000000000000004,True,150.38728713989258,RRT*,48
0.35,0.20000000000000004,True,13.391733169555664,RRT*,49
0.35,0.25000000000000006,True,105.21888732910156,RRT*,0
0.35,0.25000000000000006,True,24.13797378540039,RRT*,1
0.35,0.25000000000000006,True,57.4946403503418,RRT*,2
0.35,0.25000000000000006,True,11.660337448120117,RRT*,3
0.35,0.25000000000000006,True,26.944398880004883,RRT*,4
0.35,0.25000000000000006,True,20.53999900817871,RRT*,5
0.35,0.25000000000000006,False,47.86276817321777,RRT*,6
0.35,0.25000000000000006,False,41.063547134399414,RRT*,7
0.35,0.25000000000000006,True,40.69399833679199,RRT*,8
0.35,0.25000000000000006,False,44.22354698181152,RRT*,9
0.35,0.25000000000000006,True,10.451078414916992,RRT*,10
0.35,0.25000000000000006,True,24.265527725219727,RRT*,11
0.35,0.25000000000000006,True,53.43437194824219,RRT*,12
0.35,0.25000000000000006,False,44.28553581237793,RRT*,13
0.35,0.25000000000000006,True,37.98627853393555,RRT*,14
0.35,0.25000000000000006,True,20.038604736328125,RRT*,15
0.35,0.25000000000000006,False,44.55757141113281,RRT*,16
0.35,0.25000000000000006,True,26.861190795898438,RRT*,17
0.35,0.25000000000000006,True,148.81539344787598,RRT*,18
0.35,0.25000000000000006,True,224.9898910522461,RRT*,19
0.35,0.25000000000000006,True,65.89603424072266,RRT*,20
0.35,0.25000000000000006,False,48.807621002197266,RRT*,21
0.35,0.25000000000000006,True,46.6303825378418,RRT*,22
0.35,0.25000000000000006,True,152.80461311340332,RRT*,23
0.35,0.25000000000000006,True,162.4767780303955,RRT*,24
0.35,0.25000000000000006,True,28.124332427978516,RRT*,25
0.35,0.25000000000000006,True,15.624284744262695,RRT*,26
0.35,0.25000000000000006,True,55.2065372467041,RRT*,27
0.35,0.25000000000000006,False,45.01986503601074,RRT*,28
0.35,0.25000000000000006,True,57.44028091430664,RRT*,29
0.35,0.25000000000000006,True,65.5817985534668,RRT*,30
0.35,0.25000000000000006,True,25.365591049194336,RRT*,31
0.35,0.25000000000000006,True,7.593631744384766,RRT*,32
0.35,0.25000000000000006,True,182.3124885559082,RRT*,33
0.35,0.25000000000000006,True,28.21826934814453,RRT*,34
0.35,0.25000000000000006,False,43.46752166748047,RRT*,35
0.35,0.25000000000000006,True,6.858348846435547,RRT*,36
0.35,0.25000000000000006,True,27.968168258666992,RRT*,37
0.35,0.25000000000000006,True,33.74648094177246,RRT*,38
0.35,0.25000000000000006,True,191.6961669921875,RRT*,39
0.35,0.25000000000000006,True,21.9724178314209,RRT*,40
0.35,0.25000000000000006,True,77.16059684753418,RRT*,41
0.35,0.25000000000000006,True,13.425588607788086,RRT*,42
0.35,0.25000000000000006,False,2001.4708042144775,RRT*,43
0.35,0.25000000000000006,False,46.48876190185547,RRT*,44
0.35,0.25000000000000006,True,103.79457473754883,RRT*,45
0.35,0.25000000000000006,True,49.34287071228027,RRT*,46
0.35,0.25000000000000006,False,48.30670356750488,RRT*,47
0.35,0.25000000000000006,True,25.063753128051758,RRT*,48
0.35,0.25000000000000006,True,10.352373123168945,RRT*,49
0.35,0.30000000000000004,True,258.7451934814453,RRT*,0
0.35,0.30000000000000004,True,34.24477577209473,RRT*,1
0.35,0.30000000000000004,False,49.78752136230469,RRT*,2
0.35,0.30000000000000004,True,46.750783920288086,RRT*,3
0.35,0.30000000000000004,True,117.61856079101562,RRT*,4
0.35,0.30000000000000004,True,13.315200805664062,RRT*,5
0.35,0.30000000000000004,True,119.5681095123291,RRT*,6
0.35,0.30000000000000004,True,83.21690559387207,RRT*,7
0.35,0.30000000000000004,True,58.10213088989258,RRT*,8
0.35,0.30000000000000004,False,48.04372787475586,RRT*,9
0.35,0.30000000000000004,True,232.01608657836914,RRT*,10
0.35,0.30000000000000004,True,30.469894409179688,RRT*,11
0.35,0.30000000000000004,True,89.92123603820801,RRT*,12
0.35,0.30000000000000004,True,399.9216556549072,RRT*,13
0.35,0.30000000000000004,False,45.72582244873047,RRT*,14
0.35,0.30000000000000004,True,155.5345058441162,RRT*,15
0.35,0.30000000000000004,False,44.770240783691406,RRT*,16
0.35,0.30000000000000004,True,29.936790466308594,RRT*,17
0.35,0.30000000000000004,True,12.728214263916016,RRT*,18
0.35,0.30000000000000004,True,39.298057556152344,RRT*,19
0.35,0.30000000000000004,True,28.035879135131836,RRT*,20
0.35,0.30000000000000004,True,1064.4786357879639,RRT*,21
0.35,0.30000000000000004,True,29.016971588134766,RRT*,22
0.35,0.30000000000000004,True,49.09944534301758,RRT*,23
0.35,0.30000000000000004,False,52.669525146484375,RRT*,24
0.35,0.30000000000000004,True,57.86609649658203,RRT*,25
0.35,0.30000000000000004,True,19.797086715698242,RRT*,26
0.35,0.30000000000000004,True,12.171506881713867,RRT*,27
0.35,0.30000000000000004,True,69.07129287719727,RRT*,28
0.35,0.30000000000000004,True,54.169654846191406,RRT*,29
0.35,0.30000000000000004,True,230.7891845703125,RRT*,30
0.35,0.30000000000000004,True,915.2483940124512,RRT*,31
0.35,0.30000000000000004,True,31.606435775756836,RRT*,32
0.35,0.30000000000000004,True,33.15615653991699,RRT*,33
0.35,0.30000000000000004,True,21.361112594604492,RRT*,34
0.35,0.30000000000000004,False,96.61102294921875,RRT*,35
0.35,0.30000000000000004,True,35.46571731567383,RRT*,36
0.35,0.30000000000000004,True,53.30777168273926,RRT*,37
0.35,0.30000000000000004,True,13.229131698608398,RRT*,38
0.35,0.30000000000000004,True,112.22338676452637,RRT*,39
0.35,0.30000000000000004,True,38.239479064941406,RRT*,40
0.35,0.30000000000000004,True,193.43209266662598,RRT*,41
0.35,0.30000000000000004,False,46.05460166931152,RRT*,42
0.35,0.30000000000000004,True,95.90935707092285,RRT*,43
0.35,0.30000000000000004,False,55.472373962402344,RRT*,44
0.35,0.30000000000000004,True,14.369487762451172,RRT*,45
0.35,0.30000000000000004,True,15.749454498291016,RRT*,46
0.35,0.30000000000000004,True,21.69966697692871,RRT*,47
0.35,0.30000000000000004,False,47.55997657775879,RRT*,48
0.35,0.30000000000000004,True,29.50763702392578,RRT*,49
0.35,0.3500000000000001,True,11.579150530980138,PPO,0
0.35,0.3500000000000001,True,13.36404995127016,PPO,1
0.35,0.3500000000000001,False,12.176796026500599,PPO,2
0.35,0.3500000000000001,False,13.327080945297606,PPO,3
0.35,0.3500000000000001,True,13.347671009661092,PPO,4
0.35,0.3500000000000001,True,13.298258261665586,PPO,5
0.35,0.3500000000000001,True,9.115768752912818,PPO,6
0.35,0.3500000000000001,True,8.06021324586584,PPO,7
0.35,0.3500000000000001,True,16.39044895921283,PPO,8
0.35,0.3500000000000001,False,9.992007927452068,PPO,9
0.35,0.3500000000000001,True,17.955817177466947,PPO,10
0.35,0.3500000000000001,False,8.34605702490427,PPO,11
0.35,0.3500000000000001,False,9.405409011312138,PPO,12
0.35,0.3500000000000001,True,12.299981689627982,PPO,13
0.35,0.3500000000000001,True,9.938858599967977,PPO,14
0.35,0.3500000000000001,True,10.84411288208056,PPO,15
0.35,0.3500000000000001,False,7.670502687480998,PPO,16
0.35,0.3500000000000001,True,14.488533274458113,PPO,17
0.35,0.3500000000000001,True,14.401903580483415,PPO,18
0.35,0.3500000000000001,True,7.624022759863651,PPO,19
0.35,0.3500000000000001,True,12.921789352416145,PPO,20
0.35,0.3500000000000001,True,18.103289584104747,PPO,21
0.35,0.3500000000000001,True,12.658318803948633,PPO,22
0.35,0.3500000000000001,False,11.703079900963981,PPO,23
0.35,0.3500000000000001,True,10.478128047112548,PPO,24
0.35,0.3500000000000001,True,14.183446416353329,PPO,25
0.35,0.3500000000000001,False,11.386500000134829,PPO,26
0.35,0.3500000000000001,True,6.880600330982196,PPO,27
0.35,0.3500000000000001,True,14.891018863669165,PPO,28
0.35,0.3500000000000001,True,14.37653204685372,PPO,29
0.35,0.3500000000000001,True,8.757763688617088,PPO,30
0.35,0.3500000000000001,False,15.425991987139632,PPO,31
0.35,0.3500000000000001,True,14.364605799504835,PPO,32
0.35,0.3500000000000001,True,17.147702940788697,PPO,33
0.35,0.3500000000000001,True,12.25550984605008,PPO,34
0.35,0.3500000000000001,True,9.359241090451057,PPO,35
0.35,0.3500000000000001,True,5.0,PPO,36
0.35,0.3500000000000001,True,9.207791530920511,PPO,37
0.35,0.3500000000000001,True,9.376233747843578,PPO,38
0.35,0.3500000000000001,True,10.575779504927967,PPO,39
0.35,0.3500000000000001,False,11.990191077261812,PPO,40
0.35,0.3500000000000001,False,10.019559085539974,PPO,41
0.35,0.3500000000000001,False,5.76033663777514,PPO,42
0.35,0.3500000000000001,False,12.148524582745459,PPO,43
0.35,0.3500000000000001,False,15.63300230016956,PPO,44
0.35,0.3500000000000001,True,12.834577792258083,PPO,45
0.35,0.3500000000000001,True,12.191709206533227,PPO,46
0.35,0.3500000000000001,False,19.504489664056393,PPO,47
0.35,0.3500000000000001,False,9.365599635070357,PPO,48
0.35,0.3500000000000001,True,13.86931779171077,PPO,49
0.35,0.40000000000000013,True,9.737362220213024,PPO,0
0.35,0.40000000000000013,True,10.299038002228782,PPO,1
0.35,0.40000000000000013,True,17.077617801428673,PPO,2
0.35,0.40000000000000013,False,6.343355551232679,PPO,3
0.35,0.40000000000000013,True,18.23815994789307,PPO,4
0.35,0.40000000000000013,True,14.36728641240743,PPO,5
0.35,0.40000000000000013,True,15.324106942411769,PPO,6
0.35,0.40000000000000013,True,11.565222216496915,PPO,7
0.35,0.40000000000000013,True,7.5945188735949305,PPO,8
0.35,0.40000000000000013,True,13.105481166429978,PPO,9
0.35,0.40000000000000013,True,14.081439365456093,PPO,10
0.35,0.40000000000000013,True,10.326611004293316,PPO,11
0.35,0.40000000000000013,True,8.954699696956244,PPO,12
0.35,0.40000000000000013,True,10.370111841715008,PPO,13
0.35,0.40000000000000013,True,12.982633196494513,PPO,14
0.35,0.40000000000000013,True,14.937443406531509,PPO,15
0.35,0.40000000000000013,True,10.977928477575654,PPO,16
0.35,0.40000000000000013,True,10.77869203305241,PPO,17
0.35,0.40000000000000013,True,12.715610658072386,PPO,18
0.35,0.40000000000000013,True,10.112194339642716,PPO,19
0.35,0.40000000000000013,True,9.978061141371645,PPO,20
0.35,0.40000000000000013,False,12.990717248906481,PPO,21
0.35,0.40000000000000013,False,15.736438412783825,PPO,22
0.35,0.40000000000000013,True,14.194057246092907,PPO,23
0.35,0.40000000000000013,True,13.314535959602102,PPO,24
0.35,0.40000000000000013,True,15.40560814578183,PPO,25
0.35,0.40000000000000013,True,13.81140700299899,PPO,26
0.35,0.40000000000000013,True,12.58025837859174,PPO,27
0.35,0.40000000000000013,True,11.793171098648733,PPO,28
0.35,0.40000000000000013,True,10.915274567825705,PPO,29
0.35,0.40000000000000013,True,9.715375310955794,PPO,30
0.35,0.40000000000000013,True,12.917268809161575,PPO,31
0.35,0.40000000000000013,True,11.440590989269515,PPO,32
0.35,0.40000000000000013,False,16.23554986256955,PPO,33
0.35,0.40000000000000013,True,12.852740577443598,PPO,34
0.35,0.40000000000000013,True,13.368012666640116,PPO,35
0.35,0.40000000000000013,True,10.19768986439722,PPO,36
0.35,0.40000000000000013,False,6.741811876924861,PPO,37
0.35,0.40000000000000013,False,13.794963101113252,PPO,38
0.35,0.40000000000000013,True,15.010925412339077,PPO,39
0.35,0.40000000000000013,True,7.547560669612608,PPO,40
0.35,0.40000000000000013,False,8.232232618079772,PPO,41
0.35,0.40000000000000013,True,13.48187872823563,PPO,42
0.35,0.40000000000000013,True,19.48999223933424,PPO,43
0.35,0.40000000000000013,True,13.516568026537527,PPO,44
0.35,0.40000000000000013,True,14.367297356699252,PPO,45
0.35,0.40000000000000013,True,10.764314854806647,PPO,46
0.35,0.40000000000000013,False,12.217581020126593,PPO,47
0.35,0.40000000000000013,True,8.42703473862733,PPO,48
0.35,0.40000000000000013,True,12.353234681954802,PPO,49
0.35,0.45000000000000007,False,11.973309441717442,PPO,0
0.35,0.45000000000000007,True,11.335265263571575,PPO,1
0.35,0.45000000000000007,True,12.312503799648821,PPO,2
0.35,0.45000000000000007,True,9.971690816089133,PPO,3
0.35,0.45000000000000007,True,10.117221632208846,PPO,4
0.35,0.45000000000000007,True,7.488076438796031,PPO,5
0.35,0.45000000000000007,True,13.126529723886014,PPO,6
0.35,0.45000000000000007,True,11.48875259417204,PPO,7
0.35,0.45000000000000007,True,15.684669830209435,PPO,8
0.35,0.45000000000000007,True,10.720551836313138,PPO,9
0.35,0.45000000000000007,True,15.185003475932426,PPO,10
0.35,0.45000000000000007,True,7.873964232528998,PPO,11
0.35,0.45000000000000007,False,16.64480829599796,PPO,12
0.35,0.45000000000000007,True,10.441503488863773,PPO,13
0.35,0.45000000000000007,True,8.097046307095889,PPO,14
0.35,0.45000000000000007,True,12.999144192933453,PPO,15
0.35,0.45000000000000007,True,15.303154666432917,PPO,16
0.35,0.45000000000000007,True,12.403272316937887,PPO,17
0.35,0.45000000000000007,True,13.59295243656526,PPO,18
0.35,0.45000000000000007,True,12.178681814426985,PPO,19
0.35,0.45000000000000007,True,15.006369629079922,PPO,20
0.35,0.45000000000000007,True,8.977313916169319,PPO,21
0.35,0.45000000000000007,True,11.580345855404781,PPO,22
0.35,0.45000000000000007,True,13.768803824367023,PPO,23
0.35,0.45000000000000007,True,14.532374764471188,PPO,24
0.35,0.45000000000000007,True,8.414184022900496,PPO,25
0.35,0.45000000000000007,True,16.155265017057026,PPO,26
0.35,0.45000000000000007,False,8.975593623134198,PPO,27
0.35,0.45000000000000007,True,17.252903885967136,PPO,28
0.35,0.45000000000000007,True,15.727510075532825,PPO,29
0.35,0.45000000000000007,True,12.430215288385721,PPO,30
0.35,0.45000000000000007,True,13.45731638288377,PPO,31
0.35,0.45000000000000007,True,14.723429503834971,PPO,32
0.35,0.45000000000000007,False,13.763133885097764,PPO,33
0.35,0.45000000000000007,True,8.47012109126544,PPO,34
0.35,0.45000000000000007,False,8.76523406426919,PPO,35
0.35,0.45000000000000007,True,11.876408974298753,PPO,36
0.35,0.45000000000000007,True,13.38881673983552,PPO,37
0.35,0.45000000000000007,True,10.735323477165064,PPO,38
0.35,0.45000000000000007,False,12.742694085020526,PPO,39
0.35,0.45000000000000007,True,10.663164088257135,PPO,40
0.35,0.45000000000000007,False,17.965102210513336,PPO,41
0.35,0.45000000000000007,True,16.263808250226298,PPO,42
0.35,0.45000000000000007,True,14.505591743270358,PPO,43
0.35,0.45000000000000007,False,15.216932696410838,PPO,44
0.35,0.45000000000000007,True,13.552562524974443,PPO,45
0.35,0.45000000000000007,True,15.501823986245327,PPO,46
0.35,0.45000000000000007,True,15.633838969814274,PPO,47
0.35,0.45000000000000007,True,15.529637605126537,PPO,48
0.35,0.45000000000000007,False,10.929717348539025,PPO,49
0.35,0.5000000000000001,True,10.831978943834056,PPO,0
0.35,0.5000000000000001,True,9.189483469686097,PPO,1
0.35,0.5000000000000001,True,11.31210843300832,PPO,2
0.35,0.5000000000000001,True,21.751120443227904,PPO,3
0.35,0.5000000000000001,True,15.546550826099976,PPO,4
0.35,0.5000000000000001,True,8.814363991642503,PPO,5
0.35,0.5000000000000001,True,10.964088524130986,PPO,6
0.35,0.5000000000000001,False,17.210862558097578,PPO,7
0.35,0.5000000000000001,False,9.986779351047167,PPO,8
0.35,0.5000000000000001,True,9.69448172013952,PPO,9
0.35,0.5000000000000001,False,15.096811580858947,PPO,10
0.35,0.5000000000000001,True,15.326145185749859,PPO,11
0.35,0.5000000000000001,True,13.211245973470756,PPO,12
0.35,0.5000000000000001,True,17.07513314509759,PPO,13
0.35,0.5000000000000001,True,13.096089555566245,PPO,14
0.35,0.5000000000000001,True,5.0,PPO,15
0.35,0.5000000000000001,True,13.286192038246966,PPO,16
0.35,0.5000000000000001,True,10.50808946249983,PPO,17
0.35,0.5000000000000001,False,13.685709272570802,PPO,18
0.35,0.5000000000000001,False,6.546204182857058,PPO,19
0.35,0.5000000000000001,True,6.552907271099192,PPO,20
0.35,0.5000000000000001,True,13.95182209998962,PPO,21
0.35,0.5000000000000001,True,8.065294586931843,PPO,22
0.35,0.5000000000000001,False,12.994365298782137,PPO,23
0.35,0.5000000000000001,False,15.032857790677369,PPO,24
0.35,0.5000000000000001,False,16.637652797327668,PPO,25
0.35,0.5000000000000001,True,15.709943423534662,PPO,26
0.35,0.5000000000000001,True,13.061822919250325,PPO,27
0.35,0.5000000000000001,True,8.470003857005521,PPO,28
0.35,0.5000000000000001,True,17.287241005782697,PPO,29
0.35,0.5000000000000001,True,10.740229706392325,PPO,30
0.35,0.5000000000000001,False,15.569026996648587,PPO,31
0.35,0.5000000000000001,True,15.156304955568885,PPO,32
0.35,0.5000000000000001,True,9.825291635621548,PPO,33
0.35,0.5000000000000001,True,19.01265213812714,PPO,34
0.35,0.5000000000000001,False,13.250560867930156,PPO,35
0.35,0.5000000000000001,True,10.328843646238129,PPO,36
0.35,0.5000000000000001,True,13.696756447586884,PPO,37
0.35,0.5000000000000001,True,10.069533204422244,PPO,38
0.35,0.5000000000000001,False,14.804238726701755,PPO,39
0.35,0.5000000000000001,True,16.16049746446541,PPO,40
0.35,0.5000000000000001,True,14.304545493025374,PPO,41
0.35,0.5000000000000001,True,17.49171565432698,PPO,42
0.35,0.5000000000000001,True,14.006440973922878,PPO,43
0.35,0.5000000000000001,False,12.16233467953302,PPO,44
0.35,0.5000000000000001,True,10.455560982689656,PPO,45
0.35,0.5000000000000001,True,15.837305081911909,PPO,46
0.35,0.5000000000000001,True,9.511885214959614,PPO,47
0.35,0.5000000000000001,False,16.30904612381518,PPO,48
0.35,0.5000000000000001,True,13.275127074543821,PPO,49
0.35,0.5500000000000002,True,13.495636273009582,PPO,0
0.35,0.5500000000000002,False,15.070125248442054,PPO,1
0.35,0.5500000000000002,True,10.077561420482036,PPO,2
0.35,0.5500000000000002,False,19.50744129254166,PPO,3
0.35,0.5500000000000002,True,14.755667068511158,PPO,4
0.35,0.5500000000000002,True,14.821000539664743,PPO,5
0.35,0.5500000000000002,True,12.416708268133533,PPO,6
0.35,0.5500000000000002,False,14.590502400469381,PPO,7
0.35,0.5500000000000002,True,18.418596455853802,PPO,8
0.35,0.5500000000000002,False,7.760967272441932,PPO,9
0.35,0.5500000000000002,True,16.144705881204565,PPO,10
0.35,0.5500000000000002,False,14.157686375393972,PPO,11
0.35,0.5500000000000002,True,5.0,PPO,12
0.35,0.5500000000000002,True,16.27836902130658,PPO,13
0.35,0.5500000000000002,False,16.103779072959853,PPO,14
0.35,0.5500000000000002,True,12.466996941695463,PPO,15
0.35,0.5500000000000002,True,8.484763036441299,PPO,16
0.35,0.5500000000000002,True,10.04105857224529,PPO,17
0.35,0.5500000000000002,True,14.382739090118205,PPO,18
0.35,0.5500000000000002,True,12.826707980060462,PPO,19
0.35,0.5500000000000002,True,10.691640605367123,PPO,20
0.35,0.5500000000000002,True,10.650928786660081,PPO,21
0.35,0.5500000000000002,True,11.605781915534392,PPO,22
0.35,0.5500000000000002,True,8.809826358008092,PPO,23
0.35,0.5500000000000002,True,12.276531606423628,PPO,24
0.35,0.5500000000000002,False,15.423028886216978,PPO,25
0.35,0.5500000000000002,True,12.31475382756608,PPO,26
0.35,0.5500000000000002,True,16.958280098492256,PPO,27
0.35,0.5500000000000002,False,10.517657979297619,PPO,28
0.35,0.5500000000000002,True,19.01741129571433,PPO,29
0.35,0.5500000000000002,True,9.136584996852882,PPO,30
0.35,0.5500000000000002,False,9.074055263894916,PPO,31
0.35,0.5500000000000002,True,7.0150646260553895,PPO,32
0.35,0.5500000000000002,True,20.47788322581943,PPO,33
0.35,0.5500000000000002,True,14.014167089911165,PPO,34
0.35,0.5500000000000002,True,13.568619810455047,PPO,35
0.35,0.5500000000000002,True,14.850693018336278,PPO,36
0.35,0.5500000000000002,True,15.963498829681184,PPO,37
0.35,0.5500000000000002,True,12.523988732222445,PPO,38
0.35,0.5500000000000002,False,7.120322290137279,PPO,39
0.35,0.5500000000000002,False,9.33226477205728,PPO,40
0.35,0.5500000000000002,True,16.242855792812165,PPO,41
0.35,0.5500000000000002,True,17.520951348554185,PPO,42
0.35,0.5500000000000002,False,14.856693779389577,PPO,43
0.35,0.5500000000000002,True,14.663777744660946,PPO,44
0.35,0.5500000000000002,True,13.214724603597187,PPO,45
0.35,0.5500000000000002,True,13.498659976976027,PPO,46
0.35,0.5500000000000002,True,9.953933776752043,PPO,47
0.35,0.5500000000000002,True,16.92040646820265,PPO,48
0.35,0.5500000000000002,False,5.0,PPO,49
